sessionId,askAnswerId,machineId,rating,machineName,firstQuestion,firstAnswer,language
1761920998244,RATING,7cf9a0bf-c5f3-4128-aded-8f86f8879f5e,2,TheMall-003,hello,"Hello!
How can I help you today?",en-US
1761900930964,RATING,53c8aecf-7c86-4034-9b84-ffa5b9bb11a1,4,TheMall-002,quick reply: Power Mall Gamer Festival,"Calling all true gamers! Explore the full range of gaming, IT, and cutting-edge gadgets with discounts up to 90% off. Enjoy exciting tournaments for Valorant and FC26, with total prizes worth over 40,000 THB, plus fun activities throughout the event from Oct 28 – Nov 9, 2025, only 13 days at M Grand Hall, G Floor, The Mall Life Store Bangkae.",en-US
1761893727630,RATING,53c8aecf-7c86-4034-9b84-ffa5b9bb11a1,4,TheMall-002,quick reply: Directory,You’re now at The Mall Life Store Bangkae.,en-US
1761893079369,RATING,135ef541-0de0-41cb-bd1f-c909b3ddb9a3,4,TheMall-001,วันนี้มีงานอะไรบ้าง,"วันนี้ที่ The Mall Bangkapi มีงานและกิจกรรมหลายอย่างค่ะ
เช่น WATTHEFEST ที่ชั้น G มีร้านป๊อปอัพและโปรโมชั่นมากมาย
นอกจากนี้ยังมี Jungle Walk ที่ชั้น G เป็นโซนจัดกิจกรรมและร้านป๊อปอัพต่างๆ
และที่ชั้น1 มี Japan Discovery ที่มีงานอีเวนต์และร้านป๊อปอัพด้วยค่ะ",th-TH
1761882392651,RATING,7cf9a0bf-c5f3-4128-aded-8f86f8879f5e,1,TheMall-003,"Hello, do you hear me?","I'm here and ready to help you!
What can I assist you with today?",en-US
1761815050704,RATING,52862bc1-4493-49fe-ba8f-6fdb4af31764,4,52862bc1-4493-49fe-ba8f-6fdb4af31764,quick reply: Power Mall Gamer Festival,"ชวนคอเกมตัวจริง ร่วมสัมผัสความครบครันของสินค้าเกมมิ่ง, ไอทีและแก็ดเจ็ดล้ำๆ ที่ยกขบวนมาลดสูงสุดถึง 90% พร้อมร่วมสนุก ชมและเชียร์กับการแข่งขันเกม Valorant และ FC26 ชิงรางวัลมูลค่ากว่า 40,000 บาท และกิจกรรมจากดาราและอินฟลูมากมายภายในงาน ตั้งแต่วันที่ 28 ต.ค. 68 - 9 พ.ย. 68 เพียง 13 วันเท่านั้น ที่ M Grand Hall ชั้น G เดอะมอลล์ ไลฟ์สโตร์ บางแค",th-TH
1761814989319,RATING,52862bc1-4493-49fe-ba8f-6fdb4af31764,4,52862bc1-4493-49fe-ba8f-6fdb4af31764,quick reply: Power Mall Gamer Festival,"Calling all true gamers! Explore the full range of gaming, IT, and cutting-edge gadgets with discounts up to 90% off. Enjoy exciting tournaments for Valorant and FC26, with total prizes worth over 40,000 THB, plus fun activities throughout the event from Oct 28 – Nov 9, 2025, only 13 days at M Grand Hall, G Floor, The Mall Life Store Bangkae.",en-US
1761814937288,RATING,52862bc1-4493-49fe-ba8f-6fdb4af31764,4,52862bc1-4493-49fe-ba8f-6fdb4af31764,quick reply: Power Mall Gamer Festival,"Calling all true gamers! Explore the full range of gaming, IT, and cutting-edge gadgets with discounts up to 90% off. Enjoy exciting tournaments for Valorant and FC26, with total prizes worth over 40,000 THB, plus fun activities throughout the event from Oct 28 – Nov 9, 2025, only 13 days at M Grand Hall, G Floor, The Mall Life Store Bangkae.",en-US
1761807752830,RATING,c9f04fd5-e1d4-47a5-8866-ac555bced1d3,4,TheMall-004,"Hello, where is Mama? Where is Mama?","I'm sorry, I couldn't find information about ""Mama.""
If I misunderstood your question, please ask again.",en-US
1761795839129,RATING,135ef541-0de0-41cb-bd1f-c909b3ddb9a3,3,TheMall-001,quick reply: promotion,There are many promotions available now. You can click the cards below to see more details.,en-US
1761795362876,RATING,135ef541-0de0-41cb-bd1f-c909b3ddb9a3,3,TheMall-001,quick reply: promotion,ตอนนี้มีหลายโปรโมชัน สามารถคลิกดูได้ตาม Card ด้านล่างเลยนะคะ,th-TH
1761748875506,RATING,7cf9a0bf-c5f3-4128-aded-8f86f8879f5e,4,TheMall-003,ใกล้จะได้กลับบ้านแล้วนะคุณ AIS กลับด้วยกับผมไหม,"ฉันคือ M-Agent ค่ะ
ยินดีที่ได้ช่วยเหลือคุณ
AIS เป็นร้านขายมือถือและอุปกรณ์ไอทีที่ชั้น3 ของ The Mall Lifestore Ngamwongwan ค่ะ
ถ้าคุณสนใจสินค้า AIS หรืออยากได้ข้อมูลเพิ่มเติม บอกฉันได้นะคะ
มีอะไรให้ช่วยไหมคะ?",th-TH
1761734985222,RATING,7cf9a0bf-c5f3-4128-aded-8f86f8879f5e,4,TheMall-003,quick reply: promotion,There are many promotions available now. You can click the cards below to see more details.,en-US
1761728973267,RATING,53c8aecf-7c86-4034-9b84-ffa5b9bb11a1,2,TheMall-002,6 โมงครึ่งนั่นเองนะคะ สำหรับกิจกรรมวันนี้,"ขออภัยค่ะ ฉันไม่พบข้อมูลเกี่ยวกับกิจกรรมวันนี้เวลา18:30 น.
ถ้าฉันเข้าใจคำถามของคุณผิดพลาด กรุณาถามอีกครั้งค่ะ",th-TH
1761723508192,RATING,53c8aecf-7c86-4034-9b84-ffa5b9bb11a1,4,TheMall-002,อยู่ชั้นไหนครับ,"SKECHERS รองเท้าผู้หญิงอยู่ที่ชั้น M ค่ะ
ส่วนรองเท้าผู้ชายและกระเป๋าผู้ชายอยู่ที่ชั้น1 ค่ะ
คุณสนใจดูรองเท้าหรือกระเป๋าของผู้หญิงหรือผู้ชายคะ?",th-TH
1761720096442,RATING,7cf9a0bf-c5f3-4128-aded-8f86f8879f5e,4,TheMall-003,quick reply: promotion,ตอนนี้มีหลายโปรโมชัน สามารถคลิกดูได้ตาม Card ด้านล่างเลยนะคะ,th-TH
1761653593871,RATING,135ef541-0de0-41cb-bd1f-c909b3ddb9a3,4,TheMall-001,KOI Thé อยู่ชั้นไหนอ่ะ,KOI Thé อยู่ที่ The Mall Lifestore Bangkapi ค่ะ,th-TH
1761651058013,RATING,c9f04fd5-e1d4-47a5-8866-ac555bced1d3,4,TheMall-004,อยากไปดูหนังเรื่องที่หยดค่ะ,"ขออภัยค่ะ ฉันไม่พบข้อมูลเกี่ยวกับหนังเรื่อง ""ที่หยด""
ถ้าฉันเข้าใจคำถามของคุณผิดพลาด กรุณาถามอีกครั้งค่ะ",th-TH
1761642305143,RATING,53c8aecf-7c86-4034-9b84-ffa5b9bb11a1,4,TheMall-002,quick reply: Power Mall Gamer Festival,"Calling all true gamers! Explore the full range of gaming, IT, and cutting-edge gadgets with discounts up to 90% off. Enjoy exciting tournaments for Valorant and FC26, with total prizes worth over 40,000 THB, plus fun activities throughout the event from Oct 28 – Nov 9, 2025, only 13 days at M Grand Hall, G Floor, The Mall Life Store Bangkae.",en-US
1761636843149,RATING,c9f04fd5-e1d4-47a5-8866-ac555bced1d3,4,TheMall-004,Watsons อยู่ชั้นไหนคะ,WATSONS อยู่ที่ชั้น B ค่ะ,th-TH
1761627911901,RATING,53c8aecf-7c86-4034-9b84-ffa5b9bb11a1,4,TheMall-002,Power Mall Gamer มีโปรโมชันอะไร,"Power Mall Gamer Festival มีโปรโมชันเด็ด ๆ หลายอย่างค่ะ
- ส่วนลดสูงสุดถึง90%* สำหรับสินค้าเกมและไอที
- ผ่อน0% นานสูงสุด24 เดือน*
- รับเงินคืนสูงสุด30,000 บาท* สำหรับสถาบันการเงินที่ร่วมรายการ
- รับ M Point สูงสุด5 เท่า (เฉพาะรุ่นที่ร่วมรายการ)
- แลก1,000 M Power เพื่อรับส่วนลด1,000 บาท เมื่อแลก1,000 M Point
- กิจกรรม AR HUNTING! ล่าตราสัญลักษณ์ Power Mall Gamer Festival ครบ1 ชิ้น รับส่วนลด1,000 บาท*
นอกจากนี้ยังมีโปรโมชันบัตรเครดิตและบัตรเดบิต เช่น
- บัตร Bangkok Bank M Visa Debit Card รับ M Cash Coupon100 บาท เมื่อใช้จ่าย500 บาทขึ้นไปต่อใบเสร็จ
- บัตร UnionPay รับส่วนลดตามยอดใช้จ่ายและรับถุงผ้าลายพิเศษฟรี
- บัตรเครดิต TTB รับส่วนลดสูงสุด15% และเงินคืนสูงสุด5,400 บาท พร้อมผ่อน0% นาน4,6 หรือ10 เดือน
ถ้าคุณสนใจโปรโมชันไหนเป็นพิเศษ บอกได้นะคะ
ยินดีช่วยแนะนำค่ะ!",th-TH
1761559570093,RATING,7cf9a0bf-c5f3-4128-aded-8f86f8879f5e,4,TheMall-003,quick reply: MCard,MCard มีหลากหลายรูปแบบ สามารถคลิกดูได้ตาม Card ด้านล่างเลยนะคะ,th-TH
1761555100248,RATING,7cf9a0bf-c5f3-4128-aded-8f86f8879f5e,4,TheMall-003,quick reply: MCard,MCard comes in various types. You can click the cards below to explore them.,en-US
1761549950625,RATING,135ef541-0de0-41cb-bd1f-c909b3ddb9a3,2,TheMall-001,how many Starbucks do you have,"There are Starbucks locations on three floors in The Mall Lifestore Bangkapi.
You can find Starbucks on the3rd floor, the M floor, and the G floor.
So, there are three Starbucks spots for you to enjoy coffee and food.
Let me know if you want details about any of these!",en-US
1761481273169,RATING,7cf9a0bf-c5f3-4128-aded-8f86f8879f5e,3,TheMall-003,quick reply: promotion,There are many promotions available now. You can click the cards below to see more details.,en-US
1761481196923,RATING,7cf9a0bf-c5f3-4128-aded-8f86f8879f5e,3,TheMall-003,quick reply: Directory,"ขณะนี้ลูกค้าอยู่ที่เดอะมอลล์ไลฟ์สโตร์ งามวงศ์วาน นะคะ
อยากหาร้านไหนหรือแบรนด์อะไรเป็นพิเศษไหมคะ เดี๋ยวฉันช่วยดูให้ค่ะ",th-TH
1761470572522,RATING,135ef541-0de0-41cb-bd1f-c909b3ddb9a3,1,TheMall-001,quick reply: promotion,There are many promotions available now. You can click the cards below to see more details.,en-US
1761470456344,RATING,135ef541-0de0-41cb-bd1f-c909b3ddb9a3,4,TheMall-001,quick reply: promotion,ตอนนี้มีหลายโปรโมชัน สามารถคลิกดูได้ตาม Card ด้านล่างเลยนะคะ,th-TH
1761470077403,RATING,7cf9a0bf-c5f3-4128-aded-8f86f8879f5e,4,TheMall-003,quick reply: MCard,MCard มีหลากหลายรูปแบบ สามารถคลิกดูได้ตาม Card ด้านล่างเลยนะคะ,th-TH
1761449026363,RATING,135ef541-0de0-41cb-bd1f-c909b3ddb9a3,3,TheMall-001,quick reply: MCard,MCard comes in various types. You can click the cards below to explore them.,en-US
1761400028510,RATING,135ef541-0de0-41cb-bd1f-c909b3ddb9a3,4,TheMall-001,quick reply: MCard,MCard มีหลากหลายรูปแบบ สามารถคลิกดูได้ตาม Card ด้านล่าง,th-TH
1761385501231,RATING,135ef541-0de0-41cb-bd1f-c909b3ddb9a3,4,TheMall-001,Hello AI.,My name is M-Agent.,en-US
1761372271232,RATING,7cf9a0bf-c5f3-4128-aded-8f86f8879f5e,1,TheMall-003,quick reply: promotion,There are many promotions available now. You can click the cards below to see more details.,en-US
1761371045373,RATING,135ef541-0de0-41cb-bd1f-c909b3ddb9a3,4,TheMall-001,quick reply: Directory,"ขณะนี้ลูกค้าอยู่ที่เดอะมอลล์ไลฟ์สโตร์ บางกะปิ นะคะ
อยากหาร้านไหนหรือแบรนด์อะไรเป็นพิเศษไหมคะ เดี๋ยวฉันช่วยดูให้ค่ะ",th-TH
1761317090208,RATING,7cf9a0bf-c5f3-4128-aded-8f86f8879f5e,3,TheMall-003,สวัสดีครับ,"ฉันคือ M-Agent ค่ะ
ยินดีที่ได้ช่วยเหลือคุณ
มีอะไรให้ช่วยไหมคะ?",th-TH
1761294465181,RATING,53c8aecf-7c86-4034-9b84-ffa5b9bb11a1,4,TheMall-002,quick reply: promotion,There are many promotions available now. You can click the cards below to see more details.,en-US
1761294384772,RATING,53c8aecf-7c86-4034-9b84-ffa5b9bb11a1,4,TheMall-002,quick reply: promotion,ตอนนี้มีหลายโปรโมชัน สามารถคลิกดูได้ตาม Card ด้านล่างเลยนะคะ,th-TH
1761294361782,RATING,53c8aecf-7c86-4034-9b84-ffa5b9bb11a1,4,TheMall-002,ร้านอาหาร FUJI อยู่ที่ไหน,"ร้านอาหาร FUJI อยู่ที่ชั้น2 ของ The Mall Lifestore Bangkae ค่ะ
เป็นร้านอาหารญี่ปุ่นที่ให้บริการอาหารและบรรยากาศสำหรับรับประทานอาหารอย่างดีเลยค่ะ",th-TH
1761277794034,RATING,7cf9a0bf-c5f3-4128-aded-8f86f8879f5e,4,TheMall-003,quick reply: promotion,There are many promotions available now. You can click the cards below to see more details.,en-US
1761274827365,RATING,c9f04fd5-e1d4-47a5-8866-ac555bced1d3,1,TheMall-004,ดวง,ขออภัยค่ะ ฉันไม่พบข้อมูลเกี่ยวกับ ดวง,th-TH
1761226463886,RATING,53c8aecf-7c86-4034-9b84-ffa5b9bb11a1,3,TheMall-002,quick reply: promotion,There are many promotions available now. You can click the cards below to see more details.,en-US
1761226424292,RATING,53c8aecf-7c86-4034-9b84-ffa5b9bb11a1,1,TheMall-002,ร้าน H&M,"ร้าน H&M อยู่ที่ The Mall Lifestore Bangkae ค่ะ
ร้านนี้ตั้งอยู่ที่ชั้น M
ที่นี่มีเสื้อผ้าแฟชั่น เครื่องแต่งกาย เครื่องประดับ และสินค้าสำหรับไลฟ์สไตล์ให้เลือกมากมายค่ะ
ถ้าคุณสนใจแฟชั่นครบวงจรที่นี่ตอบโจทย์มากเลยค่ะ",th-TH
1761223682630,RATING,c9f04fd5-e1d4-47a5-8866-ac555bced1d3,2,TheMall-004,how much does it cost to park a car,"I'm sorry, I couldn't find information about the cost to park a car here.
If I misunderstood your question, please ask again.",en-US
1761221894568,RATING,53c8aecf-7c86-4034-9b84-ffa5b9bb11a1,3,TheMall-002,น้องปันอยู่ไหน น้องขวัญอยู่ไหน,"น้องปันอยู่ที่ร้าน PanCosmetic ค่ะ
ร้านนี้อยู่ที่ The Mall Lifestore Bangkae ชั้น M
ให้บริการวิเคราะห์ผิวและผลิตภัณฑ์ดูแลผิวหลากหลายแบบค่ะ
ส่วนข้อมูลของน้องขวัญ ฉันขออภัยค่ะ ฉันไม่พบข้อมูลเกี่ยวกับน้องขวัญ
ถ้าคุณต้องการสอบถามเพิ่มเติมเกี่ยวกับน้องปันหรือร้านอื่น ๆ บอกได้นะคะ",th-TH
1761211353224,RATING,7cf9a0bf-c5f3-4128-aded-8f86f8879f5e,4,TheMall-003,quick reply: Directory,"You’re now at The Mall Life Store Ngamwongwan.
Is there any store or brand you’d like to find? I can help you with that!",en-US
1761211232032,RATING,7cf9a0bf-c5f3-4128-aded-8f86f8879f5e,4,TheMall-003,quick reply: promotion,There are many promotions available now. You can click the cards below to see more details.,en-US
1761204031536,RATING,7cf9a0bf-c5f3-4128-aded-8f86f8879f5e,4,TheMall-003,quick reply: MCard,MCard มีหลากหลายรูปแบบ สามารถคลิกดูได้ตาม Card ด้านล่างเลยนะคะ,th-TH
1761116273098,RATING,53c8aecf-7c86-4034-9b84-ffa5b9bb11a1,4,TheMall-002,สวัสดี,สวัสดีครับ! มีอะไรให้ให้ช่วยหรือแนะนำไหมครับ?,th-TH
1761043246264,RATING,7cf9a0bf-c5f3-4128-aded-8f86f8879f5e,1,TheMall-003,ตอนนี้ The Mall มีงานอะไรจัดอยู่บ้าง,"ตอนนี้ที่ The Mall Lifestore มีงานจัดอยู่หลายงานค่ะ
1. THE MALL LIFESTORE FAMILY FUN FEST จัดตั้งแต่15 กันยายน ถึง31 ตุลาคม2025
- มีกิจกรรมสนุกๆ สำหรับครอบครัวมากมาย
- สมาชิก M CARD ช้อปครบ5,000 บาท รับ FAMILY FUN PACK มูลค่ากว่า3,000 บาท
- มีลุ้นรางวัลใหญ่ เช่น ตั๋วเครื่องบิน โรงแรม และของรางวัลอื่นๆ
- เล่นเกม AR HUNT เพื่อรับคูปองส่วนลดแฟชั่นและร้านอาหาร
2. Kids Carnival ที่ The Mall Lifestore Ngamwongwan ชั้น1
- งานชั่วคราว มีโชว์และโปรโมชั่นสำหรับเด็ก
3. THE MALL LIFESTORE IT & ELECTRONICS New Generation Full Promo
- โปรโมชั่นสินค้าไอทีและอิเล็กทรอนิกส์ถึง31 ตุลาคม2025
- แลกคะแนน M POINT รับคูปองเงินสด และมีแผนผ่อน0% สูงสุด36 เดือน
4. THE MALL LIFESTORE HAPPY EAT
- โปรโมชั่นสำหรับผู้ถือบัตรเครดิต ttb ถึง31 ตุลาคม2025
- ส่วนลด200 บาท เมื่อทานครบ1,000 บาทที่ร้านอาหารที่ร่วมรายการในวันศุกร์-อาทิตย์
5. Happy Monday Deals at Gourmet Eats
- ส่วนลด50 บาท สำหรับสมาชิก M CARD ทุกวันจันทร์ ถึง24 พฤศจิกายน2025
- ร้านอาหารที่ร่วมรายการ เช่น Bonchon, Olivetto, SUBWAY และอื่นๆ
ถ้าคุณสนใจงานไหนเป็นพิเศษ หรืออยากทราบรายละเอียดเพิ่มเติม แจ้งได้นะคะ",th-TH
1761016111529,RATING,53c8aecf-7c86-4034-9b84-ffa5b9bb11a1,4,TheMall-002,quick reply: MCard,MCard มีหลากหลายรูปแบบ สามารถคลิกดูได้ตาม Card ด้านล่าง,th-TH
1760954260230,RATING,7cf9a0bf-c5f3-4128-aded-8f86f8879f5e,4,TheMall-003,เปิดเพลงซ่อนไม่หาให้หน่อยได้ไหม,ขออภัยค่ะ ฉันไม่พบข้อมูลเกี่ยวกับการเปิดเพลงซ่อนไม่หาให้หน่อยค่ะ,th-TH
1760954209032,RATING,7cf9a0bf-c5f3-4128-aded-8f86f8879f5e,4,TheMall-003,You can open music?,Yes!,en-US
1760872845864,RATING,7cf9a0bf-c5f3-4128-aded-8f86f8879f5e,2,TheMall-003,quick reply: MCard,MCard comes in various types. You can click the cards below to explore them.,en-US
1760872818483,RATING,7cf9a0bf-c5f3-4128-aded-8f86f8879f5e,3,TheMall-003,quick reply: promotion,ตอนนี้มีหลายโปรโมชัน สามารถคลิกดูได้ตาม Card ด้านล่างเลยนะคะ,th-TH
1760870473114,RATING,7cf9a0bf-c5f3-4128-aded-8f86f8879f5e,1,TheMall-003,quick reply: Directory,You’re now at The Mall Life Store Ngamwongwan.,en-US
1760870448157,RATING,7cf9a0bf-c5f3-4128-aded-8f86f8879f5e,4,TheMall-003,ห้อง Platinum M Lounge อยู่ที่ไหน,ขออภัยค่ะ ฉันไม่พบข้อมูลเกี่ยวกับที่ตั้งของห้อง Platinum M Lounge,th-TH
1760870380631,RATING,7cf9a0bf-c5f3-4128-aded-8f86f8879f5e,4,TheMall-003,MR.D.I.Y.,MR.D.I.Y. is located on the6th floor of The Mall Lifestore Ngamwongwan.,en-US
1760858851597,RATING,135ef541-0de0-41cb-bd1f-c909b3ddb9a3,2,TheMall-001,quick reply: Directory,You’re now at The Mall Life Store Bangkapi.,en-US
1760793332838,RATING,53c8aecf-7c86-4034-9b84-ffa5b9bb11a1,2,TheMall-002,Starbucks ที่เดอะมอลล์บางแคมีกี่สาขาครับ,STARBUCKS ที่เดอะมอลล์บางแคมี2 สาขาค่ะ,th-TH
1760790261603,RATING,135ef541-0de0-41cb-bd1f-c909b3ddb9a3,4,TheMall-001,ร้านอาหารเกาหลี,มีร้านอาหารเกาหลีในเดอะมอลล์บางกะปิหลายร้านเลยค่ะ,th-TH
1760786876778,RATING,c9f04fd5-e1d4-47a5-8866-ac555bced1d3,1,TheMall-004,Hello,Hello!,en-US
1760778810015,RATING,c9f04fd5-e1d4-47a5-8866-ac555bced1d3,4,TheMall-004,quick reply: promotion,ตอนนี้มีหลายโปรโมชัน สามารถคลิกดูได้ตาม Card ด้านล่างเลยนะคะ,th-TH
1760774246296,RATING,7cf9a0bf-c5f3-4128-aded-8f86f8879f5e,4,TheMall-003,Adidas,Adidas อยู่ที่ The Mall Lifestore Ngamwongwan ค่ะ,th-TH
1760772088367,RATING,c9f04fd5-e1d4-47a5-8866-ac555bced1d3,4,TheMall-004,quick reply: promotion,ตอนนี้มีหลายโปรโมชัน สามารถคลิกดูได้ตาม Card ด้านล่างเลยนะคะ,th-TH
1760710831850,RATING,7cf9a0bf-c5f3-4128-aded-8f86f8879f5e,2,TheMall-003,สวัสดี อยากกิน Starbucks จะอยู่ไหน,STARBUCKS อยู่ที่ The Mall Lifestore Ngamwongwan ค่ะ,th-TH
1760705549320,RATING,7cf9a0bf-c5f3-4128-aded-8f86f8879f5e,1,TheMall-003,อยากกินอะไรที่อร่อย,ที่ The Mall Lifestore Ngamwongwan มีฟู้ดคอร์ตอยู่ที่ชั้น G ค่ะ,th-TH
1760699136300,RATING,53c8aecf-7c86-4034-9b84-ffa5b9bb11a1,4,TheMall-002,quick reply: MCard,MCard comes in various types. You can click the cards below to explore them.,en-US
1760671737908,RATING,53c8aecf-7c86-4034-9b84-ffa5b9bb11a1,4,TheMall-002,quick reply: promotion,There are many promotions available now. You can click the cards below to see more details.,en-US
1760621947371,RATING,53c8aecf-7c86-4034-9b84-ffa5b9bb11a1,4,TheMall-002,ชื่ออะไร,ฉันคือ M-Agent ค่ะ,th-TH
1760596289680,RATING,135ef541-0de0-41cb-bd1f-c909b3ddb9a3,1,TheMall-001,Watch Galleria,ขออภัยค่ะ ฉันไม่พบข้อมูลเกี่ยวกับโปรโมชั่นของ Watch Galleria,th-TH
1760595014132,RATING,c9f04fd5-e1d4-47a5-8866-ac555bced1d3,2,TheMall-004,quick reply: Directory,ขณะนี้ลูกค้าอยู่ที่เดอะมอลล์ไลฟ์สโตร์ ท่าพระ นะคะ,th-TH
1760592025876,RATING,7cf9a0bf-c5f3-4128-aded-8f86f8879f5e,4,TheMall-003,quick reply: Directory,You’re now at The Mall Life Store Ngamwongwan.,en-US
1760591990266,RATING,7cf9a0bf-c5f3-4128-aded-8f86f8879f5e,4,TheMall-003,quick reply: promotion,ตอนนี้มีหลายโปรโมชัน สามารถคลิกดูได้ตาม Card ด้านล่างเลยนะคะ,th-TH
1760591951311,RATING,7cf9a0bf-c5f3-4128-aded-8f86f8879f5e,4,TheMall-003,quick reply: MCard,MCard มีหลากหลายรูปแบบ สามารถคลิกดูได้ตาม Card ด้านล่างเลยนะคะ,th-TH
1760591910405,RATING,7cf9a0bf-c5f3-4128-aded-8f86f8879f5e,4,TheMall-003,quick reply: MCard,MCard มีหลากหลายรูปแบบ สามารถคลิกดูได้ตาม Card ด้านล่างเลยนะคะ,th-TH
1760591877319,RATING,7cf9a0bf-c5f3-4128-aded-8f86f8879f5e,4,TheMall-003,quick reply: MCard,MCard มีหลากหลายรูปแบบ สามารถคลิกดูได้ตาม Card ด้านล่างเลยนะคะ,th-TH
1760591836233,RATING,7cf9a0bf-c5f3-4128-aded-8f86f8879f5e,4,TheMall-003,quick reply: MCard,MCard มีหลากหลายรูปแบบ สามารถคลิกดูได้ตาม Card ด้านล่างเลยนะคะ,th-TH
1760591809451,RATING,7cf9a0bf-c5f3-4128-aded-8f86f8879f5e,4,TheMall-003,quick reply: MCard,MCard มีหลากหลายรูปแบบ สามารถคลิกดูได้ตาม Card ด้านล่างเลยนะคะ,th-TH
1760591746021,RATING,7cf9a0bf-c5f3-4128-aded-8f86f8879f5e,4,TheMall-003,quick reply: MCard,MCard comes in various types. You can click the cards below to explore them.,en-US
1760591705058,RATING,c9f04fd5-e1d4-47a5-8866-ac555bced1d3,3,TheMall-004,quick reply: promotion,There are many promotions available now. You can click the cards below to see more details.,en-US
1760591686260,RATING,7cf9a0bf-c5f3-4128-aded-8f86f8879f5e,4,TheMall-003,quick reply: MCard,MCard มีหลากหลายรูปแบบ สามารถคลิกดูได้ตาม Card ด้านล่างเลยนะคะ,th-TH
1760586836585,RATING,c9f04fd5-e1d4-47a5-8866-ac555bced1d3,3,TheMall-004,quick reply: Directory,You’re now at The Mall Life Store Tha Phra.,en-US
1760591648706,RATING,7cf9a0bf-c5f3-4128-aded-8f86f8879f5e,4,TheMall-003,quick reply: MCard,MCard มีหลากหลายรูปแบบ สามารถคลิกดูได้ตาม Card ด้านล่างเลยนะคะ,th-TH
1760591594924,RATING,7cf9a0bf-c5f3-4128-aded-8f86f8879f5e,4,TheMall-003,quick reply: Directory,You’re now at The Mall Life Store Ngamwongwan.,en-US
1760591524923,RATING,7cf9a0bf-c5f3-4128-aded-8f86f8879f5e,4,TheMall-003,quick reply: promotion,There are many promotions available now. You can click the cards below to see more details.,en-US
1760588924703,RATING,7cf9a0bf-c5f3-4128-aded-8f86f8879f5e,4,TheMall-003,quick reply: MCard,MCard comes in various types. You can click the cards below to explore them.,en-US
1760583504907,RATING,7cf9a0bf-c5f3-4128-aded-8f86f8879f5e,4,TheMall-003,Super Rich with 4,"I'm sorry, I couldn't find information about ""Super Rich with4"".",en-US
1760583331503,RATING,7cf9a0bf-c5f3-4128-aded-8f86f8879f5e,4,TheMall-003,สวัสดีค่ะ,สวัสดีค่ะ! มีอะไรให้ให้ช่วยหรือแนะนำไหมคะ?,th-TH
1760536583591,RATING,53c8aecf-7c86-4034-9b84-ffa5b9bb11a1,4,TheMall-002,quick reply: promotion,เพื่อให้ข้อมูลที่แม่นยำที่สุด,th-TH
1760529244087,RATING,7cf9a0bf-c5f3-4128-aded-8f86f8879f5e,4,TheMall-003,สวัสดีค่ะ,สวัสดีค่ะ! มีอะไรให้ให้ช่วยหรือแนะนำไหมคะ?,th-TH
1760528266873,RATING,c9f04fd5-e1d4-47a5-8866-ac555bced1d3,4,TheMall-004,ธนาคารออมสินอยู่ชั้นไหนคะ,เพื่อให้ข้อมูลที่แม่นยำที่สุด,th-TH
1760528152165,RATING,c9f04fd5-e1d4-47a5-8866-ac555bced1d3,4,TheMall-004,ซื้ออะไรดีคะ,สวัสดีค่ะ! ถ้าคุณลูกค้ากำลังมองหาสินค้าดี ๆ แนะนำให้ลองดูโปรโมชั่นร้อนแรงตอนนี้นะคะ,th-TH
1760517435596,RATING,7cf9a0bf-c5f3-4128-aded-8f86f8879f5e,4,TheMall-003,M Card,M Card คือบัตรสมาชิกที่ให้คุณสะสมคะแนน M Point ทุกการใช้จ่ายในศูนย์การค้าของ The Mall Group ค่ะ,th-TH
1760515371003,RATING,7cf9a0bf-c5f3-4128-aded-8f86f8879f5e,1,TheMall-003,quick reply: promotion,"สวัสดีค่ะ! ตอนนี้มีโปรโมชั่นหลากหลายที่น่าสนใจมากเลยค่ะ เช่น- โปรโมชั่นช้อปปิ้งที่สาขางามวงศ์วาน รับคูปองเงินสด300 บาท เมื่อใช้จ่ายครบ1,500 บาทขึ้นไปกับแบรนด์แฟชั่นและกีฬา พร้อมส่วนลดสูงสุด25% ที่ร้าน H&M, ADIDAS และร้านอื่นๆ ตั้งแต่3 กรกฎาคม ถึง17 สิงหาคม2568 ค่ะ- โปรโมชั่น Exclusive Secret Deal ที่สาขางามวงศ์วาน รับคูปองเงินสดหรือเงินคืนสูงสุด1,600 บาท เมื่อใช้จ่ายและแลกคะแนนตามเงื่อนไขในช่วงวันที่25-28 กรกฎาคม และช่วงวันศุกร์-อาทิตย์ของเดือนสิงหาคม2568 ค่ะ- โปรโมชั่นความงาม ซื้อ1 แถม1 ที่ร้านความงามและคลินิกที่ร่วมรายการ พร้อมรับคูปองเงินสดสูงสุด3,800 บาทสำหรับผู้ถือบัตรเครดิต BANGKOK BANK M VISA ตั้งแต่วันนี้ถึง30 กันยายน2568 ค่ะ- สิทธิพิเศษสำหรับสมาชิก M Card ใหม่ที่ลงทะเบียนผ่านแอป M Card รับคูปองส่วนลดรวม350 บาท และชั่วโมงจอดรถฟรีเพิ่มอีก1 ชั่วโมงต่อเดือน ถึง31 ตุลาคม2568 ค่ะ- โปรโมชั่น The Bicester รับส่วนลด10% พร้อมบริการพิเศษสำหรับสมาชิก M Card และบัตรเครดิตบางประเภทค่ะถ้าคุณลูกค้าสนใจโปรโมชั่นใดเป็นพิเศษ หรืออยากทราบรายละเอียดเพิ่มเติม แจ้งได้นะคะ",th-TH
1760508464640,RATING,c9f04fd5-e1d4-47a5-8866-ac555bced1d3,4,TheMall-004,杰克诺是什么？,我在购物中心没有找到关于“杰克诺”的信息。,zh-CN
1760500052721,RATING,c9f04fd5-e1d4-47a5-8866-ac555bced1d3,3,TheMall-004,M Card,M Card คือบัตรสมาชิกที่ให้คุณสะสมคะแนน M Point ทุกการใช้จ่ายในศูนย์การค้าของ The Mall Group ค่ะ,th-TH