sessionId,askAnswerId,machineId,audioUrl,question,answer,language,isHelpful,isApology,startAt,endAt,category,subCategory,mentionedstorename,machineName
1757328284826,1757328325799,135ef541-0de0-41cb-bd1f-c909b3ddb9a3,https://amity-merlin-downloadable.s3.amazonaws.com/audios/71405e8939770bc6b6244b4865835a88/1757328325799.wav,go *** yourself,"I'm not quite sure what you mean, but I'm happy to help!",en-US,,false,2025-09-08T17:45:25.799872+07:00,2025-09-08T17:45:31.647333+07:00,Misc,,,TheMall-001
1757328284826,1757328306236,135ef541-0de0-41cb-bd1f-c909b3ddb9a3,https://amity-merlin-downloadable.s3.amazonaws.com/audios/71405e8939770bc6b6244b4865835a88/1757328306236.wav,Are you an AI?,"Yes, I am an AI assistant here to help you with any questions about The Mall Group shopping centers!",en-US,,false,2025-09-08T17:45:06.237137+07:00,2025-09-08T17:45:11.639007+07:00,Misc,,,TheMall-001
1757328284826,1757328287582,135ef541-0de0-41cb-bd1f-c909b3ddb9a3,,quick reply: promotion,"To give you the most accurate information,",en-US,,false,2025-09-08T17:44:47.583014+07:00,2025-09-08T17:44:51.28641+07:00,Promotions,,,TheMall-001
1757327554802,1757327619812,135ef541-0de0-41cb-bd1f-c909b3ddb9a3,https://amity-merlin-downloadable.s3.amazonaws.com/audios/71405e8939770bc6b6244b4865835a88/1757327619812.wav,so much that bye-bye,You're very welcome!,en-US,,false,2025-09-08T17:33:39.812092+07:00,2025-09-08T17:33:44.608085+07:00,Feedback,,,TheMall-001
1757327554802,1757327595822,135ef541-0de0-41cb-bd1f-c909b3ddb9a3,https://amity-merlin-downloadable.s3.amazonaws.com/audios/71405e8939770bc6b6244b4865835a88/1757327595822.wav,Can I know the place of Lancome counter?,I couldn't find any information about the Lancome counter.,en-US,,false,2025-09-08T17:33:15.82225+07:00,2025-09-08T17:33:22.087654+07:00,Shop Specific,Cosmetics & Fragrance,lancome,TheMall-001
1757327554802,1757327575581,135ef541-0de0-41cb-bd1f-c909b3ddb9a3,https://amity-merlin-downloadable.s3.amazonaws.com/audios/71405e8939770bc6b6244b4865835a88/1757327575581.wav,Why are you talking about me?,"I'm not quite sure what you mean, but I'm happy to help!",en-US,,false,2025-09-08T17:32:55.582086+07:00,2025-09-08T17:33:00.997131+07:00,Misc,,,TheMall-001
1757325899879,1757325905444,135ef541-0de0-41cb-bd1f-c909b3ddb9a3,https://amity-merlin-downloadable.s3.amazonaws.com/audios/71405e8939770bc6b6244b4865835a88/1757325905444.wav,จะไปหน้าคอนดี้,เพื่อให้ข้อมูลที่แม่นยำที่สุด,th-TH,,false,2025-09-08T17:05:05.4441+07:00,2025-09-08T17:05:11.480912+07:00,Map and Navigation,Misc,,TheMall-001
1757321283012,1757321286160,135ef541-0de0-41cb-bd1f-c909b3ddb9a3,,M Card,M Card คือบัตรสมาชิกที่มอบสิทธิพิเศษมากมายทั้งในและต่างประเทศค่ะ,th-TH,,false,2025-09-08T15:48:06.160803+07:00,2025-09-08T15:48:11.281936+07:00,Products & Services,,,TheMall-001
1757317864724,1757317891389,135ef541-0de0-41cb-bd1f-c909b3ddb9a3,https://amity-merlin-downloadable.s3.amazonaws.com/audios/71405e8939770bc6b6244b4865835a88/1757317891389.wav,ห้องน้ำอยู่ไหนครับ,ห้องน้ำอยู่ในศูนย์การค้าของเราค่ะ,th-TH,,false,2025-09-08T14:51:31.389513+07:00,2025-09-08T14:51:42.731605+07:00,Facilities,Specific purpose,,TheMall-001
1757317864724,1757317871920,135ef541-0de0-41cb-bd1f-c909b3ddb9a3,https://amity-merlin-downloadable.s3.amazonaws.com/audios/71405e8939770bc6b6244b4865835a88/1757317871920.wav,ห้องน้ำอยู่ไหนครับ,ฉันไม่พบข้อมูลเกี่ยวกับห้องน้ำค่ะ,th-TH,,false,2025-09-08T14:51:11.920982+07:00,2025-09-08T14:51:18.385645+07:00,Facilities,Specific purpose,,TheMall-001
1757316179110,1757316185168,135ef541-0de0-41cb-bd1f-c909b3ddb9a3,https://amity-merlin-downloadable.s3.amazonaws.com/audios/71405e8939770bc6b6244b4865835a88/1757316185168.wav,อยากซื้อผ้าพันคอ,เพื่อให้ข้อมูลที่แม่นยำที่สุด,th-TH,,false,2025-09-08T14:23:05.169059+07:00,2025-09-08T14:23:13.709514+07:00,Recommendation,Fashion Accessories,,TheMall-001
1757310578164,1757310611015,135ef541-0de0-41cb-bd1f-c909b3ddb9a3,,Don Quijote,"โปรโมชั่น Don Quijote สำหรับสมาชิกบัตร M Card และบัตรเครดิต Bangkok Bank M Legend คือ รับส่วนลด5% เมื่อซื้อสินค้ามากกว่า10,000 เยน (Tax-Free) และรับส่วนลด7% เมื่อซื้อสินค้ามากกว่า30,000 เยน (Tax-Free) ค่ะ",th-TH,,false,2025-09-08T12:50:11.015716+07:00,2025-09-08T12:50:15.695957+07:00,Shop Specific,Discount Store,don quijote,TheMall-001
1757310578164,1757310585492,135ef541-0de0-41cb-bd1f-c909b3ddb9a3,,Directory,ฉันไม่พบข้อมูลเกี่ยวกับ directory ค่ะ,th-TH,,false,2025-09-08T12:49:45.492147+07:00,2025-09-08T12:49:49.743859+07:00,Misc,,,TheMall-001
1757310510968,1757310528530,135ef541-0de0-41cb-bd1f-c909b3ddb9a3,,คนชงคนปรุง,"ฉันไม่พบข้อมูลเกี่ยวกับร้าน ""คนชงคนปรุง"" ค่ะ",th-TH,,false,2025-09-08T12:48:48.530332+07:00,2025-09-08T12:48:52.765706+07:00,Misc,,,TheMall-001
1757310510968,1757310516446,135ef541-0de0-41cb-bd1f-c909b3ddb9a3,,Directory,,th-TH,,false,2025-09-08T12:48:36.446601+07:00,2025-09-08T12:48:38.314739+07:00,Misc,,,TheMall-001
1757310445373,1757310470983,135ef541-0de0-41cb-bd1f-c909b3ddb9a3,https://amity-merlin-downloadable.s3.amazonaws.com/audios/71405e8939770bc6b6244b4865835a88/1757310470983.wav,The Mall Lifestore Bangkapi,สวัสดีค่ะ สำหรับข้อมูลร้านค้าภายใน The Mall Lifestore Bangkapi มีร้านที่น่าสนใจดังนี้ค่ะ,th-TH,,false,2025-09-08T12:47:50.983904+07:00,2025-09-08T12:47:59.213967+07:00,Shop Specific,Department Store,the mall lifestore bangkapi,TheMall-001
1757310445373,1757310446795,135ef541-0de0-41cb-bd1f-c909b3ddb9a3,,Directory,เพื่อให้ข้อมูลที่แม่นยำที่สุด,th-TH,,false,2025-09-08T12:47:26.795787+07:00,2025-09-08T12:47:32.559414+07:00,Misc,,,TheMall-001
1757308337577,1757308374859,135ef541-0de0-41cb-bd1f-c909b3ddb9a3,https://amity-merlin-downloadable.s3.amazonaws.com/audios/71405e8939770bc6b6244b4865835a88/1757308374859.wav,The Mall Lifestore บางกะปิ,ร้านขายยาที่ The Mall Lifestore บางกะปิ มีดังนี้ค่ะ- LAB PHARMACY อยู่ที่ชั้น G- HEALTH PLUS อยู่ที่ชั้น G- WATSONS อยู่ที่ชั้น1 ค่ะ,th-TH,,false,2025-09-08T12:12:54.859891+07:00,2025-09-08T12:13:00.410139+07:00,Shop Specific,Department Store,the mall lifestore บางกะปิ,TheMall-001
1757308337577,1757308342727,135ef541-0de0-41cb-bd1f-c909b3ddb9a3,https://amity-merlin-downloadable.s3.amazonaws.com/audios/71405e8939770bc6b6244b4865835a88/1757308342727.wav,ร้านขายยาอยู่ชั้นไหนครับ,เพื่อให้ข้อมูลที่แม่นยำที่สุด,th-TH,,false,2025-09-08T12:12:22.727501+07:00,2025-09-08T12:12:32.17527+07:00,Map and Navigation,Drug Store & Personal Care,,TheMall-001
1757246032558,1757246039491,135ef541-0de0-41cb-bd1f-c909b3ddb9a3,,Directory,เพื่อให้ข้อมูลที่แม่นยำที่สุด,th-TH,,false,2025-09-07T18:53:59.493058+07:00,2025-09-07T18:54:03.79638+07:00,Misc,,,TheMall-001
1757237556066,1757237563361,135ef541-0de0-41cb-bd1f-c909b3ddb9a3,https://amity-merlin-downloadable.s3.amazonaws.com/audios/71405e8939770bc6b6244b4865835a88/1757237563361.wav,ค่าบริการที่จอดรถ,"ค่าบริการที่จอดรถสำหรับรถยนต์ที่ The Mall Lifestore Ngamwongwan, Thapra, Bangkae และ Ramkhamhaeng คือจอดฟรี1-4 ชั่วโมงแรกค่ะ",th-TH,,false,2025-09-07T16:32:43.361625+07:00,2025-09-07T16:32:52.377285+07:00,Facilities,Specific purpose,,TheMall-001
1757233741992,1757233765308,135ef541-0de0-41cb-bd1f-c909b3ddb9a3,,promotion,您好呀，关于 M Card 的促销活动，我给您介绍几个精彩的优惠吧！,zh-CN,,false,2025-09-07T15:29:25.308251+07:00,2025-09-07T15:29:36.18052+07:00,Promotions,,,TheMall-001
1757233741992,1757233752714,135ef541-0de0-41cb-bd1f-c909b3ddb9a3,,MCard,,zh-CN,,false,2025-09-07T15:29:12.714742+07:00,2025-09-07T15:29:17.469816+07:00,Products & Services,,,TheMall-001
1757233741992,1757233747077,135ef541-0de0-41cb-bd1f-c909b3ddb9a3,,quick reply: MCard,,en-US,,false,2025-09-07T15:29:07.077474+07:00,2025-09-07T15:29:08.964676+07:00,Misc,,,TheMall-001
1757233646850,1757233720593,135ef541-0de0-41cb-bd1f-c909b3ddb9a3,https://amity-merlin-downloadable.s3.amazonaws.com/audios/71405e8939770bc6b6244b4865835a88/1757233720593.wav,ระบายสี,ร้าน GLOBAL ART อยู่ที่ชั้น1 ของ The Mall Lifestore Bangkae ค่ะ เป็นร้านในหมวดการศึกษา ที่นี่มีอุปกรณ์ศิลปะและคอร์สเรียนศิลปะที่น่าสนใจ รวมถึงกิจกรรมระบายสีด้วยค่ะ,th-TH,,false,2025-09-07T15:28:40.593706+07:00,2025-09-07T15:28:46.670454+07:00,Misc,,,TheMall-001
1757233646850,1757233692871,135ef541-0de0-41cb-bd1f-c909b3ddb9a3,https://amity-merlin-downloadable.s3.amazonaws.com/audios/71405e8939770bc6b6244b4865835a88/1757233692871.wav,ของเล่น,ร้านของเล่นที่น่าสนใจใน The Mall Lifestore Bangkapi มีดังนี้ค่ะ,th-TH,,false,2025-09-07T15:28:12.871228+07:00,2025-09-07T15:28:19.935637+07:00,Recommendation,Toys,,TheMall-001
1757233646850,1757233683266,135ef541-0de0-41cb-bd1f-c909b3ddb9a3,https://amity-merlin-downloadable.s3.amazonaws.com/audios/71405e8939770bc6b6244b4865835a88/1757233683266.wav,ร้านอาหารครับ,,th-TH,,false,2025-09-07T15:28:03.26702+07:00,2025-09-07T15:28:06.853406+07:00,Recommendation,Restaurants,,TheMall-001
1757233646850,1757233650556,135ef541-0de0-41cb-bd1f-c909b3ddb9a3,,quick reply: promotion,สวัสดีค่ะ! ตอนนี้มีโปรโมชั่นหลากหลายที่น่าสนใจในศูนย์การค้าของเรา ดังนี้ค่ะ,th-TH,,false,2025-09-07T15:27:30.556969+07:00,2025-09-07T15:27:38.218064+07:00,Promotions,,,TheMall-001
1757225534258,1757225578949,135ef541-0de0-41cb-bd1f-c909b3ddb9a3,https://amity-merlin-downloadable.s3.amazonaws.com/audios/71405e8939770bc6b6244b4865835a88/1757225578949.wav,บางกะปิ,ร้าน FUKU MUTCHA ที่ The Mall Lifestore Bangkapi ค่ะ,th-TH,,false,2025-09-07T13:12:58.949116+07:00,2025-09-07T13:13:04.764442+07:00,Misc,,,TheMall-001
1757225534258,1757225553544,135ef541-0de0-41cb-bd1f-c909b3ddb9a3,https://amity-merlin-downloadable.s3.amazonaws.com/audios/71405e8939770bc6b6244b4865835a88/1757225553544.wav,ร้านฟุกุอยู่ตรงไหน,เพื่อให้ข้อมูลที่แม่นยำที่สุด,th-TH,,false,2025-09-07T13:12:33.544556+07:00,2025-09-07T13:12:39.779026+07:00,Shop Specific,Restaurants,ร้านฟุกุ,TheMall-001
1757223601319,1757223602062,135ef541-0de0-41cb-bd1f-c909b3ddb9a3,,M Card,M Card คือบัตรสมาชิกที่ให้คุณสะสมคะแนน M Point ทุกการใช้จ่ายในศูนย์การค้าของเรา โดยทุก25 บาท จะได้รับ1 คะแนน M Point เมื่อช้อปในห้างสรรพสินค้า Gourmet Market และ Home Fresh Mart รวมถึงช้อปออนไลน์ในเครือ The Mall Group ค่ะ,th-TH,,false,2025-09-07T12:40:02.062378+07:00,2025-09-07T12:40:07.756605+07:00,Products & Services,,,TheMall-001
1757222223271,1757222273649,135ef541-0de0-41cb-bd1f-c909b3ddb9a3,https://amity-merlin-downloadable.s3.amazonaws.com/audios/71405e8939770bc6b6244b4865835a88/1757222273649.wav,POMELO,POMELO stores are available in several of our shopping centers!,en-US,,false,2025-09-07T12:17:53.649631+07:00,2025-09-07T12:18:00.103671+07:00,Shop Specific,Ready-to-wear,pomelo,TheMall-001
1757222223271,1757222230438,135ef541-0de0-41cb-bd1f-c909b3ddb9a3,https://amity-merlin-downloadable.s3.amazonaws.com/audios/71405e8939770bc6b6244b4865835a88/1757222230438.wav,哦，是奈雪的茶,奈雪的茶在我们的购物中心有两个分店哦：,zh-CN,,false,2025-09-07T12:17:10.438439+07:00,2025-09-07T12:17:19.355556+07:00,Shop Specific,"Coffee, Tea, and Casual Café",奈雪的茶,TheMall-001
1757166844957,1757166868758,135ef541-0de0-41cb-bd1f-c909b3ddb9a3,https://amity-merlin-downloadable.s3.amazonaws.com/audios/71405e8939770bc6b6244b4865835a88/1757166868758.wav,No.,"I'm doing great, thanks for asking!",en-US,,false,2025-09-06T20:54:28.758779+07:00,2025-09-06T20:54:33.790058+07:00,Misc,,,TheMall-001
1757166844957,1757166850496,135ef541-0de0-41cb-bd1f-c909b3ddb9a3,https://amity-merlin-downloadable.s3.amazonaws.com/audios/71405e8939770bc6b6244b4865835a88/1757166850496.wav,How are you?,"I'm doing great, thanks for asking!",en-US,,false,2025-09-06T20:54:10.496831+07:00,2025-09-06T20:54:15.638542+07:00,Misc,,,TheMall-001
1757166596237,1757166668189,135ef541-0de0-41cb-bd1f-c909b3ddb9a3,https://amity-merlin-downloadable.s3.amazonaws.com/audios/71405e8939770bc6b6244b4865835a88/1757166668189.wav,Bangkapi,I couldn't find any information about an optician at The Mall Lifestore Bangkapi.,en-US,,false,2025-09-06T20:51:08.189394+07:00,2025-09-06T20:51:14.200393+07:00,Misc,,,TheMall-001
1757166596237,1757166631829,135ef541-0de0-41cb-bd1f-c909b3ddb9a3,https://amity-merlin-downloadable.s3.amazonaws.com/audios/71405e8939770bc6b6244b4865835a88/1757166631829.wav,Pennsylvania,"To give you the most accurate information,",en-US,,false,2025-09-06T20:50:31.829992+07:00,2025-09-06T20:50:36.928066+07:00,Misc,,,TheMall-001
1757166596237,1757166604697,135ef541-0de0-41cb-bd1f-c909b3ddb9a3,https://amity-merlin-downloadable.s3.amazonaws.com/audios/71405e8939770bc6b6244b4865835a88/1757166604697.wav,Where is optician?,"To give you the most accurate information,",en-US,,false,2025-09-06T20:50:04.697547+07:00,2025-09-06T20:50:10.426933+07:00,Map and Navigation,Optical,,TheMall-001
1757162937823,1757163069470,135ef541-0de0-41cb-bd1f-c909b3ddb9a3,https://amity-merlin-downloadable.s3.amazonaws.com/audios/71405e8939770bc6b6244b4865835a88/1757163069470.wav,ร้าน TOTAL มีอะไรขายบ้าง,ร้าน TOTAL เป็นร้านในกลุ่ม Lifestyle & Specialty ค่ะ ซึ่งโดยทั่วไปจะขายสินค้าที่เกี่ยวกับไลฟ์สไตล์และของใช้พิเศษต่าง ๆ แต่ในข้อมูลที่ฉันมีไม่ได้ระบุรายละเอียดสินค้าที่ขายอย่างชัดเจนค่ะ,th-TH,,false,2025-09-06T19:51:09.470379+07:00,2025-09-06T19:51:22.448838+07:00,Shop Specific,Gas Station & Convenience Store,total,TheMall-001
1757162937823,1757163043329,135ef541-0de0-41cb-bd1f-c909b3ddb9a3,https://amity-merlin-downloadable.s3.amazonaws.com/audios/71405e8939770bc6b6244b4865835a88/1757163043329.wav,คุณโชว์แผนที่ได้หรือไม่,ขอโทษค่ะ ตอนนี้ฉันไม่สามารถแสดงแผนที่หรือไดเรกทอรีของศูนย์การค้าได้ค่ะ,th-TH,,true,2025-09-06T19:50:43.329805+07:00,2025-09-06T19:50:49.448804+07:00,Map and Navigation,,,TheMall-001
1757162937823,1757163016876,135ef541-0de0-41cb-bd1f-c909b3ddb9a3,https://amity-merlin-downloadable.s3.amazonaws.com/audios/71405e8939770bc6b6244b4865835a88/1757163016876.wav,ร้าน TOTAL อยู่ตรงไหน,ร้าน TOTAL อยู่ที่ The Mall Lifestore Bangkapi ค่ะ,th-TH,,false,2025-09-06T19:50:16.87713+07:00,2025-09-06T19:50:23.281495+07:00,Shop Specific,Gas Station,total,TheMall-001
1757162937823,1757162965390,135ef541-0de0-41cb-bd1f-c909b3ddb9a3,https://amity-merlin-downloadable.s3.amazonaws.com/audios/71405e8939770bc6b6244b4865835a88/1757162965390.wav,บางกะปิ,สวัสดีค่ะ สำหรับข้อมูลร้านค้าใน The Mall Lifestore Bangkapi มีร้านค้าที่น่าสนใจหลายร้านเลยนะคะ เช่น- ร้าน TOTAL อยู่ที่ชั้น2 ในโซน Lifestyle & Specialty- ร้าน KKV อยู่ที่ชั้น M ในโซน Lifestyle & Specialty- ร้าน POOMJAITHAI อยู่ที่ชั้น G ในโซน Lifestyle & Specialty- ร้าน STEVE MADDEN อยู่ที่ชั้น M ในโซนแฟชั่น- ร้าน UNIQLO อยู่ที่ชั้น M ในโซนแฟชั่นถ้าคุณลูกค้าสนใจร้านไหนเป็นพิเศษ หรืออยากได้ข้อมูลเพิ่มเติมเกี่ยวกับร้านอื่น ๆ แจ้งได้นะคะ,th-TH,,false,2025-09-06T19:49:25.390978+07:00,2025-09-06T19:49:33.966527+07:00,Misc,,,TheMall-001
1757162937823,1757162940479,135ef541-0de0-41cb-bd1f-c909b3ddb9a3,,Directory,เพื่อให้ข้อมูลที่แม่นยำที่สุด,th-TH,,false,2025-09-06T19:49:00.479963+07:00,2025-09-06T19:49:05.814354+07:00,Misc,,,TheMall-001
1757161698700,1757162269970,135ef541-0de0-41cb-bd1f-c909b3ddb9a3,https://amity-merlin-downloadable.s3.amazonaws.com/audios/71405e8939770bc6b6244b4865835a88/1757162269970.wav,Food Court มีอะไรแนะนำบ้าง,ที่เดอะมอลล์ไลฟ์สโตร์บางกะปิ มีร้านอาหารในโซน Food Court ที่แนะนำหลายร้านเลยค่ะ เช่น- HACHIBAN RAMEN อยู่ที่ชั้น3- YUZU RAMEN อยู่ที่ชั้น3- KEN PHU PANG อยู่ที่ชั้น1- HASUL KOREAN RESTAURANT อยู่ที่ชั้น3- PRANAKORN NOODLE อยู่ที่ชั้น3คุณลูกค้าสามารถเลือกชิมอาหารหลากหลายสไตล์ได้ตามชอบเลยค่ะ,th-TH,,false,2025-09-06T19:37:49.97066+07:00,2025-09-06T19:37:59.970064+07:00,Recommendation,Food Court,,TheMall-001
1757161698700,1757162233451,135ef541-0de0-41cb-bd1f-c909b3ddb9a3,https://amity-merlin-downloadable.s3.amazonaws.com/audios/71405e8939770bc6b6244b4865835a88/1757162233451.wav,มี Food Court หรือไม่,ที่เดอะมอลล์มี Food Court ให้บริการนะคะ,th-TH,,false,2025-09-06T19:37:13.451242+07:00,2025-09-06T19:37:20.486735+07:00,Map and Navigation,Food Court,,TheMall-001
1757161698700,1757162196242,135ef541-0de0-41cb-bd1f-c909b3ddb9a3,https://amity-merlin-downloadable.s3.amazonaws.com/audios/71405e8939770bc6b6244b4865835a88/1757162196242.wav,มีร้านอาหารอะไรบ้าง,ที่เดอะมอลล์ไลฟ์สโตร์บางกะปิ มีร้านอาหารหลายร้านให้เลือกชิมนะคะ เช่น- HASUL KOREAN RESTAURANT อยู่ที่ชั้น3- JOE WINGS อยู่ที่ชั้น G- FUKU MUTCHA (ชั้นไม่ระบุ)- BEARHOUSE อยู่ที่ชั้น1- BONCHON อยู่ที่ชั้น Gถ้าคุณลูกค้าสนใจร้านไหนเป็นพิเศษ หรืออยากได้รายละเอียดเพิ่มเติม แจ้งได้นะคะ,th-TH,,false,2025-09-06T19:36:36.242427+07:00,2025-09-06T19:36:44.432638+07:00,Recommendation,Restaurants,,TheMall-001
1757161698700,1757162157751,135ef541-0de0-41cb-bd1f-c909b3ddb9a3,https://amity-merlin-downloadable.s3.amazonaws.com/audios/71405e8939770bc6b6244b4865835a88/1757162157751.wav,บางกะปิ,ที่เดอะมอลล์ไลฟ์สโตร์บางกะปิ มีร้านค้ามากมายให้เลือกช้อปนะคะ เช่น- ร้าน TOTAL อยู่ที่ชั้น2- ร้าน KKV อยู่ที่ชั้น M- ร้าน POOMJAITHAI อยู่ที่ชั้น G- ร้าน STEVE MADDEN อยู่ที่ชั้น M- ร้าน UNIQLO อยู่ที่ชั้น Mถ้าคุณลูกค้าสนใจร้านไหนเป็นพิเศษ หรืออยากได้ข้อมูลเพิ่มเติมเกี่ยวกับร้านอื่น ๆ แจ้งได้นะคะ,th-TH,,false,2025-09-06T19:35:57.751973+07:00,2025-09-06T19:36:04.720706+07:00,Misc,,,TheMall-001
1757161698700,1757162119060,135ef541-0de0-41cb-bd1f-c909b3ddb9a3,,Directory,เพื่อให้ข้อมูลที่แม่นยำที่สุด,th-TH,,false,2025-09-06T19:35:19.060837+07:00,2025-09-06T19:35:25.500086+07:00,Misc,,,TheMall-001
1757151237725,1757151242747,135ef541-0de0-41cb-bd1f-c909b3ddb9a3,https://amity-merlin-downloadable.s3.amazonaws.com/audios/71405e8939770bc6b6244b4865835a88/1757151242747.wav,สวัสดีครับ ซื้อคอมพิวเตอร์ที่ไหนดีครับ,สวัสดีค่ะ คุณลูกค้าสามารถซื้อคอมพิวเตอร์ได้ที่ร้าน IT City และ JIB ที่ The Mall Lifestore บางแค ชั้น1 ค่ะหรือถ้าสะดวกที่ The Mall Lifestore บางกะปิ ก็มีร้าน HP FLAGSHIP STORE อยู่ที่ชั้น2 ค่ะนอกจากนี้ยังมีร้าน FOCUS STORE ที่ The Mall Lifestore งามวงศ์วาน และ ท่าพระ ชั้น3 ด้วยนะคะถ้าต้องการข้อมูลเพิ่มเติมเกี่ยวกับแต่ละร้าน แจ้งได้นะคะ,th-TH,,false,2025-09-06T16:34:02.748008+07:00,2025-09-06T16:34:11.364147+07:00,Recommendation,"Computer, Mobile, and Services",,TheMall-001
1757136030283,1757136032182,135ef541-0de0-41cb-bd1f-c909b3ddb9a3,,M Card,M Card คือบัตรสมาชิกที่มอบสิทธิพิเศษมากมายทั้งในประเทศไทยและต่างประเทศค่ะ,th-TH,,false,2025-09-06T12:20:32.182705+07:00,2025-09-06T12:20:37.923854+07:00,Products & Services,,,TheMall-001
1757136021587,1757136023047,135ef541-0de0-41cb-bd1f-c909b3ddb9a3,,quick reply: promotion,,th-TH,,false,2025-09-06T12:20:23.047182+07:00,2025-09-06T12:20:24.783566+07:00,Promotions,,,TheMall-001
1757135898090,1757135986279,135ef541-0de0-41cb-bd1f-c909b3ddb9a3,,M Card,M Card คือบัตรสมาชิกที่มอบสิทธิพิเศษมากมายทั้งในยุโรปและเอเชียค่ะ,th-TH,,false,2025-09-06T12:19:46.279609+07:00,2025-09-06T12:19:54.065787+07:00,Products & Services,,,TheMall-001
1757135789500,1757135791278,135ef541-0de0-41cb-bd1f-c909b3ddb9a3,,quick reply: promotion,สวัสดีค่ะ! ตอนนี้มีโปรโมชั่นหลากหลายที่น่าสนใจในศูนย์การค้าของเรา ดังนี้ค่ะ,th-TH,,false,2025-09-06T12:16:31.278528+07:00,2025-09-06T12:16:36.544558+07:00,Promotions,,,TheMall-001
1757134598129,1757134660597,135ef541-0de0-41cb-bd1f-c909b3ddb9a3,https://amity-merlin-downloadable.s3.amazonaws.com/audios/71405e8939770bc6b6244b4865835a88/1757134660597.wav,คอยแล้ว ขอบคุณค่ะ,ยินดีมากค่ะ,th-TH,,false,2025-09-06T11:57:40.59722+07:00,2025-09-06T11:57:46.59897+07:00,Feedback,,,TheMall-001
1757134598129,1757134638226,135ef541-0de0-41cb-bd1f-c909b3ddb9a3,https://amity-merlin-downloadable.s3.amazonaws.com/audios/71405e8939770bc6b6244b4865835a88/1757134638226.wav,อยากสอบถามการเดินทางค่ะ,สวัสดีค่ะ สำหรับการเดินทางมายัง The Mall Lifestore บางกะปิ คุณลูกค้าสามารถใช้รถยนต์ส่วนตัวหรือรถโดยสารสาธารณะได้ค่ะ,th-TH,true,false,2025-09-06T11:57:18.227028+07:00,2025-09-06T11:57:25.433488+07:00,Map and Navigation,,,TheMall-001
1757134598129,1757134609233,135ef541-0de0-41cb-bd1f-c909b3ddb9a3,https://amity-merlin-downloadable.s3.amazonaws.com/audios/71405e8939770bc6b6244b4865835a88/1757134609233.wav,Music Collection อยู่ชั้นไหน,MUSIC COLLECTION อยู่ที่ชั้น2 ในโซน Lifestyle & Specialty ที่ The Mall Lifestore บางกะปิค่ะ,th-TH,,false,2025-09-06T11:56:49.233218+07:00,2025-09-06T11:56:55.489939+07:00,Shop Specific,Movies & CD & Musical Instrument,music collection,TheMall-001
1757134032934,1757134033614,135ef541-0de0-41cb-bd1f-c909b3ddb9a3,,quick reply: promotion,,th-TH,,false,2025-09-06T11:47:13.614932+07:00,2025-09-06T11:47:16.719556+07:00,Promotions,,,TheMall-001
1757133906061,1757133966271,135ef541-0de0-41cb-bd1f-c909b3ddb9a3,https://amity-merlin-downloadable.s3.amazonaws.com/audios/71405e8939770bc6b6244b4865835a88/1757133966271.wav,Can you give me direction details to go to Harborland?,"To give you the most accurate information,",en-US,,false,2025-09-06T11:46:06.271589+07:00,2025-09-06T11:46:12.644433+07:00,Map and Navigation,Miscellaneous,harborland,TheMall-001
1757133906061,1757133930134,135ef541-0de0-41cb-bd1f-c909b3ddb9a3,https://amity-merlin-downloadable.s3.amazonaws.com/audios/71405e8939770bc6b6244b4865835a88/1757133930134.wav,Where is Harborland?,"Harborland is an attraction and entertainment area located on the3rd floor at The Mall Lifestore Bangkapi, Thapra, and Bangkae. At The Mall Lifestore Ngamwongwan, you can find Harborland on the6th floor.",en-US,,false,2025-09-06T11:45:30.134658+07:00,2025-09-06T11:45:36.904147+07:00,Attraction,,harborland,TheMall-001
1757133906061,1757133912812,135ef541-0de0-41cb-bd1f-c909b3ddb9a3,https://amity-merlin-downloadable.s3.amazonaws.com/audios/71405e8939770bc6b6244b4865835a88/1757133912812.wav,Hello.,Hello!,en-US,,false,2025-09-06T11:45:12.812773+07:00,2025-09-06T11:45:17.234749+07:00,Misc,,,TheMall-001
1757133882374,1757133888923,135ef541-0de0-41cb-bd1f-c909b3ddb9a3,https://amity-merlin-downloadable.s3.amazonaws.com/audios/71405e8939770bc6b6244b4865835a88/1757133888923.wav,Hello.,,en-US,,false,2025-09-06T11:44:48.923653+07:00,2025-09-06T11:44:52.664962+07:00,Misc,,,TheMall-001
1757130152889,1757130168048,135ef541-0de0-41cb-bd1f-c909b3ddb9a3,,WATSONS,"To give you the most accurate information,",en-US,,false,2025-09-06T10:42:48.049083+07:00,2025-09-06T10:42:51.031386+07:00,Shop Specific,Drug Store & Personal Care,watsons,TheMall-001
1757069596639,1757069599349,135ef541-0de0-41cb-bd1f-c909b3ddb9a3,,quick reply: promotion,เพื่อให้ข้อมูลที่แม่นยำที่สุด,th-TH,,false,2025-09-05T17:53:19.349297+07:00,2025-09-05T17:53:23.798151+07:00,Promotions,,,TheMall-001
1757069581947,1757069586591,135ef541-0de0-41cb-bd1f-c909b3ddb9a3,,Directory,เพื่อให้ข้อมูลที่แม่นยำที่สุด,th-TH,,false,2025-09-05T17:53:06.592649+07:00,2025-09-05T17:53:13.061266+07:00,Misc,,,TheMall-001
1757062377940,1757062430545,135ef541-0de0-41cb-bd1f-c909b3ddb9a3,https://amity-merlin-downloadable.s3.amazonaws.com/audios/71405e8939770bc6b6244b4865835a88/1757062430545.wav,ขอบคุณค่ะ,ยินดีมากค่ะ,th-TH,,false,2025-09-05T15:53:50.545348+07:00,2025-09-05T15:53:56.434945+07:00,Feedback,,,TheMall-001
1757062377940,1757062384829,135ef541-0de0-41cb-bd1f-c909b3ddb9a3,https://amity-merlin-downloadable.s3.amazonaws.com/audios/71405e8939770bc6b6244b4865835a88/1757062384829.wav,สอบถามเรื่องรถที่ The Mall ค้างอ่ะค่ะ,สวัสดีค่ะ สำหรับเรื่องรถที่ The Mall นะคะ มีข้อมูลเกี่ยวกับที่จอดรถและค่าจอดรถดังนี้ค่ะ,th-TH,,false,2025-09-05T15:53:04.829518+07:00,2025-09-05T15:53:13.722339+07:00,Facilities,Car Wash / Auto Care Services,the mall,TheMall-001
1757054773633,1757054799916,135ef541-0de0-41cb-bd1f-c909b3ddb9a3,https://amity-merlin-downloadable.s3.amazonaws.com/audios/71405e8939770bc6b6244b4865835a88/1757054799916.wav,ไม่ได้ถามชื่อเธอ ฉันถามว่ารู้จักพี่จอยไหม,ฉันขอโทษค่ะ ฉันไม่มีข้อมูลเกี่ยวกับพี่จอยนะคะ,th-TH,,true,2025-09-05T13:46:39.916646+07:00,2025-09-05T13:46:48.914795+07:00,Misc,,,TheMall-001
1757054773633,1757054779174,135ef541-0de0-41cb-bd1f-c909b3ddb9a3,https://amity-merlin-downloadable.s3.amazonaws.com/audios/71405e8939770bc6b6244b4865835a88/1757054779174.wav,หาย แว๊บ รู้ จัก พี่ จอย ไหม,ฉันชื่อ The Mall Group AI Assistant ค่ะ,th-TH,,false,2025-09-05T13:46:19.174187+07:00,2025-09-05T13:46:24.841676+07:00,Misc,,,TheMall-001
1757054542052,1757054570161,135ef541-0de0-41cb-bd1f-c909b3ddb9a3,https://amity-merlin-downloadable.s3.amazonaws.com/audios/71405e8939770bc6b6244b4865835a88/1757054570161.wav,จริง ถามพิซซ่าไปบอกหนุ่มอยู่โคราชนั่นแหละ ถาม,ที่เดอะมอลล์โคราชมีร้านพิซซ่าให้เลือก2 ร้านนะคะ คือ THE PIZZA COMPANY และ PIZZA HUT ทั้งสองร้านตั้งอยู่ที่ชั้น1 ค่ะ,th-TH,,false,2025-09-05T13:42:50.161875+07:00,2025-09-05T13:42:56.591065+07:00,Misc,,,TheMall-001
1757054542052,1757054547975,135ef541-0de0-41cb-bd1f-c909b3ddb9a3,https://amity-merlin-downloadable.s3.amazonaws.com/audios/71405e8939770bc6b6244b4865835a88/1757054547975.wav,คุณชื่ออะไรเหรอครับ,ฉันชื่อ The Mall Group AI Assistant ค่ะ,th-TH,,false,2025-09-05T13:42:27.975881+07:00,2025-09-05T13:42:33.730547+07:00,Misc,,,TheMall-001
1757054436416,1757054493936,135ef541-0de0-41cb-bd1f-c909b3ddb9a3,https://amity-merlin-downloadable.s3.amazonaws.com/audios/71405e8939770bc6b6244b4865835a88/1757054493936.wav,ถึงโคราชเลย ต้องไปถึงโคราชเลยเหรอคะ,ไม่แน่ใจว่าคุณลูกค้าหมายถึงเรื่องไหนคะ,th-TH,,false,2025-09-05T13:41:33.936217+07:00,2025-09-05T13:41:40.15151+07:00,Misc,,,TheMall-001
1757054436416,1757054471285,135ef541-0de0-41cb-bd1f-c909b3ddb9a3,https://amity-merlin-downloadable.s3.amazonaws.com/audios/71405e8939770bc6b6244b4865835a88/1757054471285.wav,ที่นี่มีร้าน PIZZA HUT ไหม?,ที่นี่มีร้าน PIZZA HUT ค่ะ อยู่ที่ The Mall Korat ชั้น1 ค่ะ,th-TH,,false,2025-09-05T13:41:11.285351+07:00,2025-09-05T13:41:17.766485+07:00,Shop Specific,Restaurants,pizza hut,TheMall-001
1757054436416,1757054451353,135ef541-0de0-41cb-bd1f-c909b3ddb9a3,https://amity-merlin-downloadable.s3.amazonaws.com/audios/71405e8939770bc6b6244b4865835a88/1757054451353.wav,สวัสดีครับ,สวัสดีค่ะ ยินดีให้บริการข้อมูลเกี่ยวกับศูนย์การค้าของเราค่ะ,th-TH,,false,2025-09-05T13:40:51.35334+07:00,2025-09-05T13:40:56.37231+07:00,Misc,,,TheMall-001
1757050061159,1757050100951,135ef541-0de0-41cb-bd1f-c909b3ddb9a3,https://amity-merlin-downloadable.s3.amazonaws.com/audios/71405e8939770bc6b6244b4865835a88/1757050100951.wav,เดินไปทางไหนครับ,ร้าน MCDONALD'S ที่เดอะมอลล์บางกะปิ อยู่ที่ชั้น G ค่ะ,th-TH,,false,2025-09-05T12:28:20.951181+07:00,2025-09-05T12:28:27.926767+07:00,Misc,,,TheMall-001
1757050061159,1757050069242,135ef541-0de0-41cb-bd1f-c909b3ddb9a3,https://amity-merlin-downloadable.s3.amazonaws.com/audios/71405e8939770bc6b6244b4865835a88/1757050069242.wav,ร้าน MCDONALD'S เดอะมอลล์บางกะปิ,ร้าน MCDONALD'S ที่เดอะมอลล์บางกะปิ ตั้งอยู่ที่ชั้น G ค่ะ,th-TH,,false,2025-09-05T12:27:49.24267+07:00,2025-09-05T12:27:55.375194+07:00,Shop Specific,Fast Foods,mcdonalds,TheMall-001
1756987369518,1756987433719,135ef541-0de0-41cb-bd1f-c909b3ddb9a3,https://amity-merlin-downloadable.s3.amazonaws.com/audios/71405e8939770bc6b6244b4865835a88/1756987433719.wav,ไม่มีอะไรสอบถามเพิ่มเติมแล้วค่ะ ขอบคุณค่ะ,ยินดีมากค่ะ,th-TH,,false,2025-09-04T19:03:53.719539+07:00,2025-09-04T19:03:59.607041+07:00,Feedback,,,TheMall-001
1756987369518,1756987406903,135ef541-0de0-41cb-bd1f-c909b3ddb9a3,https://amity-merlin-downloadable.s3.amazonaws.com/audios/71405e8939770bc6b6244b4865835a88/1756987406903.wav,The Mall Lifestore บางกะปิ,พรเกษมคลินิกที่ The Mall Lifestore บางกะปิ อยู่ที่ชั้น1 ค่ะ,th-TH,,false,2025-09-04T19:03:26.9035+07:00,2025-09-04T19:03:33.705622+07:00,Shop Specific,Department Store,the mall lifestore บางกะปิ,TheMall-001
1756987369518,1756987377639,135ef541-0de0-41cb-bd1f-c909b3ddb9a3,https://amity-merlin-downloadable.s3.amazonaws.com/audios/71405e8939770bc6b6244b4865835a88/1756987377639.wav,พรเกษมอยู่ชั้นไหนคะ,เพื่อให้ข้อมูลที่แม่นยำที่สุด,th-TH,,false,2025-09-04T19:02:57.64006+07:00,2025-09-04T19:03:04.683009+07:00,Shop Specific,Healthcare Service / Alternative medicine service,พรเกษม,TheMall-001
1756975978851,1756976006535,135ef541-0de0-41cb-bd1f-c909b3ddb9a3,https://amity-merlin-downloadable.s3.amazonaws.com/audios/71405e8939770bc6b6244b4865835a88/1756976006535.wav,ขอบคุณค่ะ ไม่มีอะไรแล้วค่ะ,ยินดีมากค่ะ,th-TH,true,false,2025-09-04T15:53:26.535196+07:00,2025-09-04T15:53:34.465217+07:00,Feedback,,,TheMall-001
1756975978851,1756975984572,135ef541-0de0-41cb-bd1f-c909b3ddb9a3,https://amity-merlin-downloadable.s3.amazonaws.com/audios/71405e8939770bc6b6244b4865835a88/1756975984572.wav,มีจุดให้ยืม Power Bank ไหมคะ?,ขอโทษด้วยค่ะ ตอนนี้ฉันไม่มีข้อมูลเกี่ยวกับบริการยืม Power Bank ค่ะ,th-TH,,true,2025-09-04T15:53:04.572413+07:00,2025-09-04T15:53:09.864784+07:00,Facilities,Locker & Baggage Storage,,TheMall-001
1756965263625,1756969243641,135ef541-0de0-41cb-bd1f-c909b3ddb9a3,https://amity-merlin-downloadable.s3.amazonaws.com/audios/71405e8939770bc6b6244b4865835a88/1756969243641.wav,มีร้านเหล้าไหมครับ,ฉันไม่พบข้อมูลเกี่ยวกับร้านเหล้าค่ะ,th-TH,,false,2025-09-04T14:00:43.641195+07:00,2025-09-04T14:00:50.87405+07:00,Recommendation,"Wine, Liquor, Cigars, Cannabis",,TheMall-001
1756965263625,1756969218671,135ef541-0de0-41cb-bd1f-c909b3ddb9a3,https://amity-merlin-downloadable.s3.amazonaws.com/audios/71405e8939770bc6b6244b4865835a88/1756969218671.wav,ช่วงนี้ขายดีไหมคะ,ช่วงนี้ฉันไม่มีข้อมูลเกี่ยวกับยอดขายหรือความนิยมของร้านค้านะคะ,th-TH,,false,2025-09-04T14:00:18.671907+07:00,2025-09-04T14:00:25.59645+07:00,Misc,,,TheMall-001
1756965263625,1756969199764,135ef541-0de0-41cb-bd1f-c909b3ddb9a3,https://amity-merlin-downloadable.s3.amazonaws.com/audios/71405e8939770bc6b6244b4865835a88/1756969199764.wav,ทำอะไรอยู่คะ,สบายดีค่ะ ขอบคุณที่ถามนะคะ,th-TH,,false,2025-09-04T13:59:59.764297+07:00,2025-09-04T14:00:06.010498+07:00,Misc,,,TheMall-001
1756965263625,1756969178289,135ef541-0de0-41cb-bd1f-c909b3ddb9a3,https://amity-merlin-downloadable.s3.amazonaws.com/audios/71405e8939770bc6b6244b4865835a88/1756969178289.wav,ฮัลโหล,สวัสดีค่ะ มีอะไรให้ช่วยเกี่ยวกับศูนย์การค้าของเราหรือเปล่าคะ,th-TH,,false,2025-09-04T13:59:38.289816+07:00,2025-09-04T13:59:45.208917+07:00,Misc,,,TheMall-001
1756965263625,1756965270314,135ef541-0de0-41cb-bd1f-c909b3ddb9a3,https://amity-merlin-downloadable.s3.amazonaws.com/audios/71405e8939770bc6b6244b4865835a88/1756965270314.wav,อยากถามว่ามีร้านนวดชั้นไหนไหมคะ,ที่ศูนย์การค้าของเรามีร้านนวดหลายแห่งนะคะ- ที่ The Mall Lifestore บางแค มีร้าน HOSHI WELLNESS & MASSAGE และ ENERGY WELLNESS PLUS อยู่ที่ชั้น1 ค่ะ- ที่ The Mall Lifestore งามวงศ์วาน มีร้าน SIRA SPA & MASSGE ที่ชั้น1 และ VIDA PHYSICAL WELLNESS ที่ชั้น8 ค่ะ- ที่ The Mall Lifestore ท่าพระ มีร้าน BAANSAIFON MASSAGE อยู่ที่ชั้น3 ค่ะถ้าสนใจสาขาไหนหรือร้านไหนเป็นพิเศษ แจ้งได้นะคะ ยินดีช่วยค่ะ,th-TH,,false,2025-09-04T12:54:30.316744+07:00,2025-09-04T12:54:40.797388+07:00,Map and Navigation,Spa and Massage service,,TheMall-001
1756961403599,1756961440141,135ef541-0de0-41cb-bd1f-c909b3ddb9a3,https://amity-merlin-downloadable.s3.amazonaws.com/audios/71405e8939770bc6b6244b4865835a88/1756961440141.wav,EVEANDBOY เดอะมอลล์บางกะปิ อยู่ไหน,EVEANDBOY ที่เดอะมอลล์บางกะปิ ตั้งอยู่ที่ชั้น G ค่ะ,th-TH,,false,2025-09-04T11:50:40.14168+07:00,2025-09-04T11:50:46.791702+07:00,Shop Specific,Cosmetics & Fragrance,eveandboy,TheMall-001
1756961403599,1756961409535,135ef541-0de0-41cb-bd1f-c909b3ddb9a3,https://amity-merlin-downloadable.s3.amazonaws.com/audios/71405e8939770bc6b6244b4865835a88/1756961409535.wav,EVEANDBOY อยู่ตรงไหนครับ,เพื่อให้ข้อมูลที่แม่นยำที่สุด,th-TH,,false,2025-09-04T11:50:09.535992+07:00,2025-09-04T11:50:16.758456+07:00,Shop Specific,Drug Store & Personal Care,eveandboy,TheMall-001
1756961351055,1756961371768,135ef541-0de0-41cb-bd1f-c909b3ddb9a3,https://amity-merlin-downloadable.s3.amazonaws.com/audios/71405e8939770bc6b6244b4865835a88/1756961371768.wav,ห้องน้ำไปทางไหนครับ,ฉันไม่พบข้อมูลเกี่ยวกับห้องน้ำค่ะ,th-TH,,false,2025-09-04T11:49:31.768796+07:00,2025-09-04T11:49:37.176272+07:00,Facilities,Specific purpose,,TheMall-001
1756960597058,1756960603502,135ef541-0de0-41cb-bd1f-c909b3ddb9a3,https://amity-merlin-downloadable.s3.amazonaws.com/audios/71405e8939770bc6b6244b4865835a88/1756960603502.wav,MTS GOLD ไปทางไหนครับ,ร้าน MTS GOLD อยู่ที่ชั้น G ใน The Mall Lifestore Ngamwongwan ค่ะ,th-TH,,false,2025-09-04T11:36:43.502461+07:00,2025-09-04T11:36:50.689428+07:00,Shop Specific,Gold,mts gold,TheMall-001
1756958757464,1756958831918,135ef541-0de0-41cb-bd1f-c909b3ddb9a3,https://amity-merlin-downloadable.s3.amazonaws.com/audios/71405e8939770bc6b6244b4865835a88/1756958831918.wav,บางกะปิค่ะ,ข้อมูลเกี่ยวกับบัตรสมาชิก M Card นั้น ฉันไม่มีข้อมูลเฉพาะสำหรับสาขา The Mall Lifestore Bangkapi ค่ะ,th-TH,,false,2025-09-04T11:07:11.918283+07:00,2025-09-04T11:07:21.147484+07:00,Misc,,,TheMall-001
1756958757464,1756958803604,135ef541-0de0-41cb-bd1f-c909b3ddb9a3,https://amity-merlin-downloadable.s3.amazonaws.com/audios/71405e8939770bc6b6244b4865835a88/1756958803604.wav,AEON อยู่ชั้นไหนคะ,เพื่อให้ข้อมูลที่แม่นยำที่สุด,th-TH,,false,2025-09-04T11:06:43.607942+07:00,2025-09-04T11:06:51.695739+07:00,Shop Specific,Supermarket,aeon,TheMall-001
1756958757464,1756958767335,135ef541-0de0-41cb-bd1f-c909b3ddb9a3,,M Card,M Card คือบัตรสมาชิกที่มอบสิทธิพิเศษมากมายให้กับสมาชิกค่ะ,th-TH,,false,2025-09-04T11:06:07.335964+07:00,2025-09-04T11:06:13.258654+07:00,Products & Services,,,TheMall-001
1756958579628,1756958723624,135ef541-0de0-41cb-bd1f-c909b3ddb9a3,https://amity-merlin-downloadable.s3.amazonaws.com/audios/71405e8939770bc6b6244b4865835a88/1756958723624.wav,The Mall Lifestore Bangkapi,ฉันไม่พบข้อมูลเกี่ยวกับร้าน Xiaomi ที่ The Mall Lifestore Bangkapi ค่ะ,th-TH,,false,2025-09-04T11:05:23.62564+07:00,2025-09-04T11:05:31.075364+07:00,Shop Specific,Department Store,the mall lifestore bangkapi,TheMall-001
1756958579628,1756958691640,135ef541-0de0-41cb-bd1f-c909b3ddb9a3,https://amity-merlin-downloadable.s3.amazonaws.com/audios/71405e8939770bc6b6244b4865835a88/1756958691640.wav,ร้าน MIXUE,เพื่อให้ข้อมูลที่แม่นยำที่สุด,th-TH,,false,2025-09-04T11:04:51.640583+07:00,2025-09-04T11:05:00.310892+07:00,Shop Specific,Ice-cream,mixue,TheMall-001
1756958579628,1756958668628,135ef541-0de0-41cb-bd1f-c909b3ddb9a3,https://amity-merlin-downloadable.s3.amazonaws.com/audios/71405e8939770bc6b6244b4865835a88/1756958668628.wav,The Mall Lifestore Bangkapi,ฉันไม่พบข้อมูลเกี่ยวกับร้าน Xiaomi ที่ The Mall Lifestore Bangkapi ค่ะ,th-TH,,false,2025-09-04T11:04:28.628124+07:00,2025-09-04T11:04:34.862384+07:00,Shop Specific,Department Store,the mall lifestore bangkapi,TheMall-001
1756958579628,1756958639306,135ef541-0de0-41cb-bd1f-c909b3ddb9a3,https://amity-merlin-downloadable.s3.amazonaws.com/audios/71405e8939770bc6b6244b4865835a88/1756958639306.wav,ร้านมิกซวีอยู่ไหนคะ,เพื่อให้ข้อมูลที่แม่นยำที่สุด,th-TH,,false,2025-09-04T11:03:59.306487+07:00,2025-09-04T11:04:06.696246+07:00,Shop Specific,Lifestyle store,มิกซวี,TheMall-001
1756958579628,1756958613335,135ef541-0de0-41cb-bd1f-c909b3ddb9a3,https://amity-merlin-downloadable.s3.amazonaws.com/audios/71405e8939770bc6b6244b4865835a88/1756958613335.wav,The Mall Lifestore Bangkapi,ร้าน Xiaomi ที่ The Mall Lifestore Bangkapi อยู่ที่ชั้น2 ค่ะ,th-TH,,false,2025-09-04T11:03:33.335605+07:00,2025-09-04T11:03:40.249288+07:00,Shop Specific,Department Store,the mall lifestore bangkapi,TheMall-001
1756958579628,1756958584680,135ef541-0de0-41cb-bd1f-c909b3ddb9a3,https://amity-merlin-downloadable.s3.amazonaws.com/audios/71405e8939770bc6b6244b4865835a88/1756958584680.wav,ร้าน Xiaomi อยู่ไหนคะ,เพื่อให้ข้อมูลที่แม่นยำที่สุด,th-TH,,false,2025-09-04T11:03:04.680815+07:00,2025-09-04T11:03:11.864095+07:00,Shop Specific,"Computer, Mobile, and Services",xiaomi,TheMall-001
1756957750178,1756957797560,135ef541-0de0-41cb-bd1f-c909b3ddb9a3,https://amity-merlin-downloadable.s3.amazonaws.com/audios/71405e8939770bc6b6244b4865835a88/1756957797560.wav,เชลล์ชวนชิม,เชลล์ชวนชิมเป็นหนึ่งในร้านอาหารที่น่าสนใจค่ะ,th-TH,,false,2025-09-04T10:49:57.560976+07:00,2025-09-04T10:50:03.587517+07:00,Misc,,,TheMall-001
1756957750178,1756957769188,135ef541-0de0-41cb-bd1f-c909b3ddb9a3,https://amity-merlin-downloadable.s3.amazonaws.com/audios/71405e8939770bc6b6244b4865835a88/1756957769188.wav,อาหารอิสลามมีไหม,อาหารอิสลามหรืออาหารฮาลาลในศูนย์การค้าของเรายังไม่มีข้อมูลระบุไว้ค่ะ,th-TH,,false,2025-09-04T10:49:29.189126+07:00,2025-09-04T10:49:34.788854+07:00,Recommendation,Restaurants,,TheMall-001
1756957750178,1756957757321,135ef541-0de0-41cb-bd1f-c909b3ddb9a3,https://amity-merlin-downloadable.s3.amazonaws.com/audios/71405e8939770bc6b6244b4865835a88/1756957757321.wav,อิสลามมีไหม,ฉันไม่พบข้อมูลเกี่ยวกับอิสลามค่ะ,th-TH,,false,2025-09-04T10:49:17.321705+07:00,2025-09-04T10:49:22.236335+07:00,Misc,,,TheMall-001
1756957656021,1756957704449,135ef541-0de0-41cb-bd1f-c909b3ddb9a3,https://amity-merlin-downloadable.s3.amazonaws.com/audios/71405e8939770bc6b6244b4865835a88/1756957704449.wav,วันนี้มีอีเวนต์อะไรบ้าง,วันนี้ที่ศูนย์การค้าของเรามีอีเวนต์น่าสนใจหลายอย่างเลยค่ะ,th-TH,,false,2025-09-04T10:48:24.449949+07:00,2025-09-04T10:48:31.575891+07:00,Events,,,TheMall-001
1756957656021,1756957683117,135ef541-0de0-41cb-bd1f-c909b3ddb9a3,https://amity-merlin-downloadable.s3.amazonaws.com/audios/71405e8939770bc6b6244b4865835a88/1756957683117.wav,Power Bank,ขอโทษด้วยค่ะ ฉันไม่พบข้อมูลเกี่ยวกับการยืม Power Bank ค่ะ,th-TH,,true,2025-09-04T10:48:03.117968+07:00,2025-09-04T10:48:08.426315+07:00,Misc,,,TheMall-001
1756957656021,1756957662567,135ef541-0de0-41cb-bd1f-c909b3ddb9a3,https://amity-merlin-downloadable.s3.amazonaws.com/audios/71405e8939770bc6b6244b4865835a88/1756957662567.wav,ยืม Power Bank ได้ป่ะ,ขอโทษด้วยค่ะ ฉันไม่พบข้อมูลเกี่ยวกับการยืม Power Bank ค่ะ,th-TH,,true,2025-09-04T10:47:42.567623+07:00,2025-09-04T10:47:48.314167+07:00,Facilities,Locker & Baggage Storage,,TheMall-001
1756956320246,1756956321857,135ef541-0de0-41cb-bd1f-c909b3ddb9a3,,quick reply: promotion,"สวัสดีค่ะ! ตอนนี้มีโปรโมชั่นหลากหลายที่น่าสนใจในศูนย์การค้าของเรา เช่น1. โปรโมชั่น Exclusive Secret Deal ที่สาขางามวงศ์วาน รับสิทธิพิเศษเมื่อช้อปครบ2,000 บาท พร้อมรับคูปองเงินสดสูงสุด1,600 บาท และสิทธิพิเศษสำหรับสมาชิก M Card และบัตรเครดิตบางธนาคารค่ะ2. โปรโมชั่นแฟชั่นและกีฬา ที่สาขางามวงศ์วาน รับคูปองเงินสด300 บาท เมื่อช้อปครบ1,500 บาท และส่วนลดสูงสุด25% ที่ร้านค้าที่ร่วมรายการ เช่น H&M, ADIDAS และอื่นๆ3. โปรโมชั่นอาหาร รับคูปองส่วนลดและสิทธิพิเศษสำหรับผู้ถือบัตรเครดิตธนาคารกสิกรไทย เมื่อทานอาหารครบตามเงื่อนไขที่ร้านอาหารที่ร่วมรายการ4. โปรโมชั่นความงาม ซื้อ1 แถม1 ที่ร้านความงามและคลินิกที่ร่วมรายการ พร้อมรับคูปองเงินสดสูงสุด3,800 บาท สำหรับผู้ถือบัตรเครดิต BANGKOK BANK M VISA5. โปรโมชั่น The Bicester รับส่วนลด10% พร้อมสิทธิพิเศษต่างๆ สำหรับสมาชิก M Card และบัตรเครดิตบางประเภทถ้าคุณลูกค้าสนใจโปรโมชั่นใดเป็นพิเศษ หรืออยากทราบรายละเอียดเพิ่มเติม แจ้งได้นะคะ",th-TH,,false,2025-09-04T10:25:21.857541+07:00,2025-09-04T10:25:31.642058+07:00,Promotions,,,TheMall-001
1756955845214,1756955883860,135ef541-0de0-41cb-bd1f-c909b3ddb9a3,,M Card,M Card คือบัตรสมาชิกที่มอบสิทธิพิเศษมากมายให้กับสมาชิกค่ะ,th-TH,,false,2025-09-04T10:18:03.86056+07:00,2025-09-04T10:18:09.415086+07:00,Products & Services,,,TheMall-001
1756899618357,1756899722404,135ef541-0de0-41cb-bd1f-c909b3ddb9a3,https://amity-merlin-downloadable.s3.amazonaws.com/audios/71405e8939770bc6b6244b4865835a88/1756899722404.wav,แค่นี้แหละ,ยินดีมากค่ะ,th-TH,,false,2025-09-03T18:42:02.404745+07:00,2025-09-03T18:42:08.460319+07:00,Misc,,,TheMall-001
1756899618357,1756899686353,135ef541-0de0-41cb-bd1f-c909b3ddb9a3,https://amity-merlin-downloadable.s3.amazonaws.com/audios/71405e8939770bc6b6244b4865835a88/1756899686353.wav,The Face Shop อยู่ชั้นไหน,THE FACE SHOP มีสาขาในศูนย์การค้าของเราหลายแห่งค่ะ- ที่ The Mall Lifestore Bangkae อยู่ที่ชั้น M- ที่ The Mall Lifestore Bangkapi อยู่ที่ชั้น G- ที่ The Mall Korat อยู่ที่ชั้น1ถ้าคุณลูกค้าสนใจสาขาไหนเป็นพิเศษ บอกได้นะคะ ยินดีช่วยค่ะ,th-TH,,false,2025-09-03T18:41:26.353518+07:00,2025-09-03T18:41:37.352936+07:00,Shop Specific,Drug Store & Personal Care,the face shop,TheMall-001
1756899618357,1756899662755,135ef541-0de0-41cb-bd1f-c909b3ddb9a3,https://amity-merlin-downloadable.s3.amazonaws.com/audios/71405e8939770bc6b6244b4865835a88/1756899662755.wav,The Mall Lifestore Bangkapi,ฉันไม่พบข้อมูลเกี่ยวกับธนาคารที่ The Mall Lifestore Bangkapi ค่ะ,th-TH,,false,2025-09-03T18:41:02.755414+07:00,2025-09-03T18:41:09.100089+07:00,Shop Specific,Department Store,the mall lifestore bangkapi,TheMall-001
1756899618357,1756899623533,135ef541-0de0-41cb-bd1f-c909b3ddb9a3,https://amity-merlin-downloadable.s3.amazonaws.com/audios/71405e8939770bc6b6244b4865835a88/1756899623533.wav,ไม่ได้ยินเหรอ เนี่ย ธนาคารอยู่ไหน,เพื่อให้ข้อมูลที่แม่นยำที่สุด,th-TH,,false,2025-09-03T18:40:23.533756+07:00,2025-09-03T18:40:30.682392+07:00,Map and Navigation,"Bank, Financial and Insurance Institution",,TheMall-001
1756896281592,1756896298322,135ef541-0de0-41cb-bd1f-c909b3ddb9a3,,AIIZ,AIIZ is a fashion store you can find in several of our malls!,en-US,,false,2025-09-03T17:44:58.323004+07:00,2025-09-03T17:45:02.646571+07:00,Shop Specific,Ready-to-wear,aiiz,TheMall-001
1756896281592,1756896288311,135ef541-0de0-41cb-bd1f-c909b3ddb9a3,,quick reply: Directory,,en-US,,false,2025-09-03T17:44:48.311792+07:00,2025-09-03T17:44:50.666566+07:00,Misc,,,TheMall-001
1756896235894,1756896254724,135ef541-0de0-41cb-bd1f-c909b3ddb9a3,,AIIZ,AIIZ is a fashion store available in several malls:,en-US,,false,2025-09-03T17:44:14.724902+07:00,2025-09-03T17:44:19.357916+07:00,Shop Specific,Ready-to-wear,aiiz,TheMall-001
1756896235894,1756896238246,135ef541-0de0-41cb-bd1f-c909b3ddb9a3,,quick reply: Directory,"To give you the most accurate information,",en-US,,false,2025-09-03T17:43:58.247195+07:00,2025-09-03T17:44:02.142007+07:00,Misc,,,TheMall-001
1756885764027,1756885769083,135ef541-0de0-41cb-bd1f-c909b3ddb9a3,https://amity-merlin-downloadable.s3.amazonaws.com/audios/71405e8939770bc6b6244b4865835a88/1756885769083.wav,ร้าน 555 อยู่ไหน,ร้าน555 PAPERPLUS อยู่ที่ชั้น1 ในศูนย์การค้า The Mall Lifestore บางกะปิค่ะ,th-TH,,false,2025-09-03T14:49:29.083497+07:00,2025-09-03T14:49:36.835214+07:00,Shop Specific,Misc,ร้าน 555,TheMall-001
1756880489439,1756880623722,135ef541-0de0-41cb-bd1f-c909b3ddb9a3,https://amity-merlin-downloadable.s3.amazonaws.com/audios/71405e8939770bc6b6244b4865835a88/1756880623722.wav,แล้วทำไมก่อนหน้านี้ที่ถามถึงซูเปอร์มาร์เก็ตบอกว่าไม่มีไปแล้ว,ขออธิบายใหม่นะคะ Gourmet Market เป็นซูเปอร์มาร์เก็ตที่มีให้บริการที่ The Mall LifeStore บางกะปิค่ะ ซึ่งเปิดตั้งแต่10:00 น. ถึง22:00 น.แต่สำหรับสาขาอื่นที่คุณลูกค้าได้สอบถามมา เช่น งามวงศ์วาน ท่าพระ และบางแค ข้อมูลในตอนนี้ยังไม่มีรายละเอียดเกี่ยวกับ Gourmet Market หรือซูเปอร์มาร์เก็ตค่ะถ้าคุณลูกค้าต้องการข้อมูลเพิ่มเติมเกี่ยวกับร้านค้าหรือบริการในสาขาใดเป็นพิเศษ แจ้งได้เลยนะคะ ยินดีช่วยเหลือค่ะ,th-TH,true,false,2025-09-03T13:23:43.72283+07:00,2025-09-03T13:23:55.957944+07:00,Misc,,,TheMall-001
1756880489439,1756880589712,135ef541-0de0-41cb-bd1f-c909b3ddb9a3,https://amity-merlin-downloadable.s3.amazonaws.com/audios/71405e8939770bc6b6244b4865835a88/1756880589712.wav,แล้ว Gourmet Market ไม่ใช่ซูเปอร์มาร์เก็ตหรอคะ,"Gourmet Market คือซูเปอร์มาร์เก็ตค่ะ เปิดให้บริการตั้งแต่10:00 น. ถึง22:00 น. ที่ The Mall LifeStore ทุกสาขา เช่น บางกะปิ, งามวงศ์วาน, ท่าพระ และบางแคค่ะ",th-TH,,false,2025-09-03T13:23:09.712867+07:00,2025-09-03T13:23:17.253033+07:00,Shop Specific,Supermarket,gourmet market,TheMall-001
1756880489439,1756880558953,135ef541-0de0-41cb-bd1f-c909b3ddb9a3,https://amity-merlin-downloadable.s3.amazonaws.com/audios/71405e8939770bc6b6244b4865835a88/1756880558953.wav,บางกะปิครับ,ที่ The Mall Lifestore บางกะปิ มี Gourmet Market ค่ะ เป็นซูเปอร์มาร์เก็ตที่เปิดให้บริการตั้งแต่10:00 น. ถึง22:00 น.ถ้าคุณลูกค้าต้องการข้อมูลเพิ่มเติมเกี่ยวกับร้านค้าหรือบริการอื่น ๆ ในบางกะปิ แจ้งได้นะคะ ยินดีให้ความช่วยเหลือค่ะ,th-TH,,false,2025-09-03T13:22:38.95391+07:00,2025-09-03T13:22:46.205801+07:00,Misc,,,TheMall-001
1756880489439,1756880523669,135ef541-0de0-41cb-bd1f-c909b3ddb9a3,https://amity-merlin-downloadable.s3.amazonaws.com/audios/71405e8939770bc6b6244b4865835a88/1756880523669.wav,ที่นี่มีกูร์เมต์มาร์เก็ตไหมครับ,เพื่อให้ข้อมูลที่แม่นยำที่สุด,th-TH,,false,2025-09-03T13:22:03.669429+07:00,2025-09-03T13:22:10.942192+07:00,Shop Specific,Supermarket,กูร์เมต์มาร์เก็ต,TheMall-001
1756880489439,1756880495511,135ef541-0de0-41cb-bd1f-c909b3ddb9a3,https://amity-merlin-downloadable.s3.amazonaws.com/audios/71405e8939770bc6b6244b4865835a88/1756880495511.wav,ที่นี่มีซูเปอร์ไหมคะ,ที่นี่ไม่มีข้อมูลเกี่ยวกับซูเปอร์มาร์เก็ตค่ะ,th-TH,,false,2025-09-03T13:21:35.511638+07:00,2025-09-03T13:21:42.998566+07:00,Map and Navigation,Supermarket,,TheMall-001
1756880311211,1756880424060,135ef541-0de0-41cb-bd1f-c909b3ddb9a3,,บางกะปิ,ที่เดอะมอลล์ไลฟ์สโตร์บางกะปิ มีคลินิกความงามหลายแห่งให้บริการค่ะ,th-TH,,false,2025-09-03T13:20:24.060205+07:00,2025-09-03T13:20:32.17203+07:00,Misc,,,TheMall-001
1756880311211,1756880401145,135ef541-0de0-41cb-bd1f-c909b3ddb9a3,,SLC clinic,เพื่อให้ข้อมูลที่แม่นยำที่สุด,th-TH,,false,2025-09-03T13:20:01.145938+07:00,2025-09-03T13:20:07.975097+07:00,Shop Specific,Dental Clinic service,slc clinic,TheMall-001
1756880311211,1756880380610,135ef541-0de0-41cb-bd1f-c909b3ddb9a3,,SLC,ฉันไม่พบข้อมูลเกี่ยวกับ SLC ค่ะ,th-TH,,false,2025-09-03T13:19:40.610844+07:00,2025-09-03T13:19:45.886363+07:00,Misc,,,TheMall-001
1756880311211,1756880341446,135ef541-0de0-41cb-bd1f-c909b3ddb9a3,,บางกะปิ,ที่เดอะมอลล์ไลฟ์สโตร์บางกะปิ มีคลินิกความงามหลายแห่งให้บริการค่ะ- B.X CLINIC อยู่ที่ชั้น M- THE TOUCH CLINIC อยู่ที่ชั้น1- RAJDHEVEE CLINIC อยู่ที่ชั้น1- INFINITY MEDICAL CLINIC ไม่มีระบุชั้น- PAN CLINIC อยู่ที่ชั้น1ถ้าคุณลูกค้าสนใจคลินิกไหนเป็นพิเศษ หรืออยากทราบบริการเพิ่มเติม แจ้งได้นะคะ,th-TH,,false,2025-09-03T13:19:01.446257+07:00,2025-09-03T13:19:08.383161+07:00,Misc,,,TheMall-001
1756880311211,1756880321837,135ef541-0de0-41cb-bd1f-c909b3ddb9a3,,คลินิก,เพื่อให้ข้อมูลที่แม่นยำที่สุด,th-TH,,false,2025-09-03T13:18:41.837671+07:00,2025-09-03T13:18:46.669701+07:00,Misc,,,TheMall-001
1756878391423,1756878392529,135ef541-0de0-41cb-bd1f-c909b3ddb9a3,,quick reply: promotion,สวัสดีค่ะ! ตอนนี้มีโปรโมชั่นหลากหลายที่น่าสนใจในศูนย์การค้าของเรา ดังนี้ค่ะ,th-TH,true,false,2025-09-03T12:46:32.529961+07:00,2025-09-03T12:46:37.794014+07:00,Promotions,,,TheMall-001
1756878241966,1756878343401,135ef541-0de0-41cb-bd1f-c909b3ddb9a3,https://amity-merlin-downloadable.s3.amazonaws.com/audios/71405e8939770bc6b6244b4865835a88/1756878343401.wav,ตอนนี้พื้นสกปรกมากเลยค่ะในห้องน้ำ ต้องแจ้งใครคะ,ถ้าพื้นในห้องน้ำสกปรกที่ The Mall Lifestore Bangkae คุณลูกค้าสามารถแจ้งที่บริการทำความสะอาด CARTOON DAY CLEANING ได้เลยนะคะ ร้านนี้อยู่ที่ชั้น10 ค่ะ,th-TH,,false,2025-09-03T12:45:43.401627+07:00,2025-09-03T12:45:51.111618+07:00,Facilities,Specific purpose,,TheMall-001
1756878241966,1756878303674,135ef541-0de0-41cb-bd1f-c909b3ddb9a3,https://amity-merlin-downloadable.s3.amazonaws.com/audios/71405e8939770bc6b6244b4865835a88/1756878303674.wav,ลิฟต์อยู่ตรงไหนคะ ลิฟต์อ่ะค่ะ,ลิฟต์ใน The Mall Lifestore บางกะปิ ไม่มีข้อมูลระบุที่ตั้งชัดเจนในตอนนี้ค่ะ,th-TH,,false,2025-09-03T12:45:03.674148+07:00,2025-09-03T12:45:10.218509+07:00,Facilities,Specific purpose,,TheMall-001
1756878241966,1756878273263,135ef541-0de0-41cb-bd1f-c909b3ddb9a3,https://amity-merlin-downloadable.s3.amazonaws.com/audios/71405e8939770bc6b6244b4865835a88/1756878273263.wav,The Mall Lifestore Bangkapi ค่ะ อยากทราบว่าห้องน้ำอยู่ชั้นไหนบ้างคะ,ขอโทษค่ะ ฉันไม่พบข้อมูลเกี่ยวกับตำแหน่งห้องน้ำใน The Mall Lifestore Bangkapi ค่ะ,th-TH,,true,2025-09-03T12:44:33.263544+07:00,2025-09-03T12:44:43.856792+07:00,Facilities,Specific purpose,the mall lifestore bangkapi,TheMall-001
1756878241966,1756878243616,135ef541-0de0-41cb-bd1f-c909b3ddb9a3,,Directory,เพื่อให้ข้อมูลที่แม่นยำที่สุด,th-TH,,false,2025-09-03T12:44:03.616646+07:00,2025-09-03T12:44:09.778486+07:00,Misc,,,TheMall-001
1756878175572,1756878177161,135ef541-0de0-41cb-bd1f-c909b3ddb9a3,,quick reply: promotion,สวัสดีค่ะ! ตอนนี้มีโปรโมชั่นหลากหลายที่น่าสนใจในศูนย์การค้าของเรา ดังนี้ค่ะ,th-TH,,false,2025-09-03T12:42:57.162053+07:00,2025-09-03T12:43:04.186661+07:00,Promotions,,,TheMall-001
1756878123533,1756878126527,135ef541-0de0-41cb-bd1f-c909b3ddb9a3,,M Card,M Card คือบัตรสมาชิกที่มอบสิทธิพิเศษมากมายทั้งในยุโรปและเอเชียค่ะ,th-TH,true,false,2025-09-03T12:42:06.527704+07:00,2025-09-03T12:42:12.912175+07:00,Products & Services,,,TheMall-001
1756877685717,1756878064211,135ef541-0de0-41cb-bd1f-c909b3ddb9a3,https://amity-merlin-downloadable.s3.amazonaws.com/audios/71405e8939770bc6b6244b4865835a88/1756878064211.wav,อยากกินติ่มซำที่มีคนปิ้งให้ มีร้านแนะนำไหมครับ,คุณลูกค้าสามารถไปทานติ่มซำที่ร้าน MANDARIN SUKI DIM SUM ได้เลยค่ะ ร้านนี้ตั้งอยู่ที่ The Mall Lifestore บางกะปิ ชั้น3 มีบริการติ่มซำที่ปรุงสดใหม่และมีการปิ้งให้ทานด้วยนะคะ อร่อยและบรรยากาศดีมากค่ะ,th-TH,,false,2025-09-03T12:41:04.211628+07:00,2025-09-03T12:41:14.367181+07:00,Recommendation,Restaurants,,TheMall-001
1756877685717,1756878015162,135ef541-0de0-41cb-bd1f-c909b3ddb9a3,https://amity-merlin-downloadable.s3.amazonaws.com/audios/71405e8939770bc6b6244b4865835a88/1756878015162.wav,แนะนำร้านอาหารเกี่ยวกับผักค่ะ,คุณลูกค้าสามารถไปทานอาหารที่ร้าน NAISNOW และ PAN KHAM HOM ที่ The Mall Lifestore งามวงศ์วาน ชั้น G ได้เลยค่ะนอกจากนี้ยังมีร้าน FUKU MUTCHA และ ZEN RESTAURANT ที่ The Mall Lifestore บางกะปิ และร้าน FUJI RESTAURANT ที่ The Mall Lifestore ท่าพระ ชั้น3 ด้วยนะคะร้านเหล่านี้มีเมนูอาหารหลากหลาย รวมถึงเมนูผักที่น่าสนใจค่ะ,th-TH,,false,2025-09-03T12:40:15.163061+07:00,2025-09-03T12:40:26.654151+07:00,Recommendation,Restaurants,,TheMall-001
1756877685717,1756877955180,135ef541-0de0-41cb-bd1f-c909b3ddb9a3,https://amity-merlin-downloadable.s3.amazonaws.com/audios/71405e8939770bc6b6244b4865835a88/1756877955180.wav,อยากฉีดโบท็อกซ์ค่ะ ร้านไหนมีข้อมูลโปรโมชั่นดีๆ บ้างคะ,"ฉันขอแนะนำว่าคุณลูกค้าสามารถติดต่อสอบถามโปรโมชั่นฉีดโบท็อกซ์ได้ที่คลินิกความงามในศูนย์การค้าของเรา เช่น B.X CLINIC ที่ The Mall Lifestore Bangkae ชั้น M และ The Mall Lifestore Bangkapi ชั้น M, L.A.B.X CLINIC ที่ The Mall Lifestore Ngamwongwan ชั้น6 และ The Mall Lifestore Bangkae ชั้น1 รวมถึง PAN CLINIC ที่ The Mall Lifestore Ngamwongwan ชั้น6 ค่ะ",th-TH,,false,2025-09-03T12:39:15.180923+07:00,2025-09-03T12:39:26.983248+07:00,Recommendation,Beauty Clinic service,,TheMall-001
1756877685717,1756877897498,135ef541-0de0-41cb-bd1f-c909b3ddb9a3,https://amity-merlin-downloadable.s3.amazonaws.com/audios/71405e8939770bc6b6244b4865835a88/1756877897498.wav,ตอนนี้ไม่ค่อยสบายอ่ะค่ะ ปวดหัว ต้องทำยังไงอ่ะคะ,ถ้าคุณลูกค้ารู้สึกไม่สบายและปวดหัว แนะนำให้ไปพบแพทย์หรือปรึกษาคลินิกความงามและสุขภาพในศูนย์การค้าของเราค่ะ เช่น- AT MEDICAL CLINIC ที่ The Mall Lifestore Bangkae ชั้น1- INFINITY MEDICAL CLINIC ที่ The Mall Lifestore Bangkapi- APEX MEDICAL CENTER ที่ The Mall Lifestore Bangkapi ชั้น Mหรือถ้าต้องการซื้อผลิตภัณฑ์ดูแลสุขภาพ สามารถไปที่ร้าน HEALTH PLUS ที่ The Mall Lifestore Bangkapi ชั้น G หรือ PHARMAX ที่ The Mall Lifestore Bangkae ชั้น G ได้เลยค่ะถ้าต้องการข้อมูลเพิ่มเติมเกี่ยวกับแต่ละที่ แจ้งได้นะคะ,th-TH,,false,2025-09-03T12:38:17.498672+07:00,2025-09-03T12:38:27.548106+07:00,Misc,,,TheMall-001
1756877685717,1756877837518,135ef541-0de0-41cb-bd1f-c909b3ddb9a3,https://amity-merlin-downloadable.s3.amazonaws.com/audios/71405e8939770bc6b6244b4865835a88/1756877837518.wav,ร้าน APEX มีอยู่ที่สาขาไหนบ้างครับ,ร้าน APEX MEDICAL CENTER มีสาขาในศูนย์การค้าของเราดังนี้ค่ะ- The Mall Lifestore Bangkae ชั้น M- The Mall Lifestore Thapra ชั้น3- The Mall Lifestore Ngamwongwan ชั้น6- The Mall Lifestore Bangkapi ชั้น Mถ้าคุณลูกค้าต้องการข้อมูลเพิ่มเติมเกี่ยวกับแต่ละสาขาหรือวิธีการติดต่อ แจ้งได้นะคะ,th-TH,,false,2025-09-03T12:37:17.518663+07:00,2025-09-03T12:37:43.365417+07:00,Shop Specific,Sports,apex,TheMall-001
1756877685717,1756877809049,135ef541-0de0-41cb-bd1f-c909b3ddb9a3,https://amity-merlin-downloadable.s3.amazonaws.com/audios/71405e8939770bc6b6244b4865835a88/1756877809049.wav,ตอนนี้ MCC Hall มีจัดงานอะไรอ่ะคะ,ตอนนี้ฉันไม่พบข้อมูลเกี่ยวกับงานที่จัดขึ้นที่ MCC Hall ค่ะ,th-TH,,false,2025-09-03T12:36:49.049754+07:00,2025-09-03T12:36:56.392297+07:00,Events,,mcc hall,TheMall-001
1756877685717,1756877774116,135ef541-0de0-41cb-bd1f-c909b3ddb9a3,https://amity-merlin-downloadable.s3.amazonaws.com/audios/71405e8939770bc6b6244b4865835a88/1756877774116.wav,คุณลูกค้าสามารถใช้บริการถ่ายรูปและพิมพ์ภาพได้ที่ร้าน FOTOFILE ค่ะ ร้านนี้ตั้งอยู่ที่ชั้น 1 ในโซน IT & Electronics ของ The Mall Lifestore Bangkapi นะคะ หากต้องการข้อมูลเพิ่มเติมเกี่ยวกับบริการถ่ายรูปหรือการสั่งพิมพ์ภาพ แจ้งได้เลยนะคะ,คุณลูกค้าสามารถใช้บริการถ่ายรูปและพิมพ์ภาพได้ที่ร้าน FOTOFILE ค่ะ,th-TH,,false,2025-09-03T12:36:14.116847+07:00,2025-09-03T12:36:23.258853+07:00,Shop Specific,Photo Processing / Studio,fotofile,TheMall-001
1756877685717,1756877743724,135ef541-0de0-41cb-bd1f-c909b3ddb9a3,https://amity-merlin-downloadable.s3.amazonaws.com/audios/71405e8939770bc6b6244b4865835a88/1756877743724.wav,ถ่ายรูปไว้ก่อนนะ ถ่ายรูปไว้ก่อนนะ,คุณลูกค้าสามารถใช้บริการถ่ายรูปและพิมพ์ภาพได้ที่ร้าน FOTOFILE ค่ะ ร้านนี้ตั้งอยู่ที่ชั้น1 ในโซน IT & Electronics ของ The Mall Lifestore Bangkapi นะคะ,th-TH,,false,2025-09-03T12:35:43.724123+07:00,2025-09-03T12:35:51.497791+07:00,Misc,,,TheMall-001
1756877685717,1756877713779,135ef541-0de0-41cb-bd1f-c909b3ddb9a3,https://amity-merlin-downloadable.s3.amazonaws.com/audios/71405e8939770bc6b6244b4865835a88/1756877713779.wav,จะซื้อหมูเบทาโกรค่ะ,ฉันไม่พบข้อมูลเกี่ยวกับการซื้อหมูเบทาโกรในศูนย์การค้าของเราค่ะ,th-TH,,false,2025-09-03T12:35:13.7796+07:00,2025-09-03T12:35:23.978215+07:00,Shop Specific,Supermarket,เบทาโกร,TheMall-001
1756877685717,1756877692761,135ef541-0de0-41cb-bd1f-c909b3ddb9a3,https://amity-merlin-downloadable.s3.amazonaws.com/audios/71405e8939770bc6b6244b4865835a88/1756877692761.wav,สอบถามสินค้ามิฮาโกะค่ะ,ฉันไม่พบข้อมูลเกี่ยวกับสินค้ามิฮาโกะค่ะ,th-TH,,false,2025-09-03T12:34:52.761843+07:00,2025-09-03T12:34:59.093466+07:00,Shop Specific,Lifestyle store,มิฮาโกะ,TheMall-001
1756877503634,1756877627682,135ef541-0de0-41cb-bd1f-c909b3ddb9a3,https://amity-merlin-downloadable.s3.amazonaws.com/audios/71405e8939770bc6b6244b4865835a88/1756877627682.wav,ร้าน RABBIT BUBBLE MILK TEA สาขา The Mall บางแค ไปยังไงครับ,ร้าน RABBIT BUBBLE MILK TEA ที่ The Mall Lifestore บางแค อยู่ที่ชั้น2 ค่ะ,th-TH,,false,2025-09-03T12:33:47.682686+07:00,2025-09-03T12:33:54.632219+07:00,Shop Specific,"Coffee, Tea, and Casual Café",rabbit bubble milk tea,TheMall-001
1756877503634,1756877600041,135ef541-0de0-41cb-bd1f-c909b3ddb9a3,https://amity-merlin-downloadable.s3.amazonaws.com/audios/71405e8939770bc6b6244b4865835a88/1756877600041.wav,The Mall Lifestore บางแค ครับ,ร้าน CASA LAPIN ไม่มีข้อมูลใน The Mall Lifestore บางแค ค่ะ,th-TH,,false,2025-09-03T12:33:20.041705+07:00,2025-09-03T12:33:27.938822+07:00,Shop Specific,Department Store,the mall lifestore บางแค,TheMall-001
1756877503634,1756877568353,135ef541-0de0-41cb-bd1f-c909b3ddb9a3,https://amity-merlin-downloadable.s3.amazonaws.com/audios/71405e8939770bc6b6244b4865835a88/1756877568353.wav,จากตรงนี้ไปร้าน RABBIT BUBBLE MILK TEA ไปยังไงครับ,เพื่อให้ข้อมูลที่แม่นยำที่สุด,th-TH,,false,2025-09-03T12:32:48.354082+07:00,2025-09-03T12:32:55.155662+07:00,Shop Specific,Juice,rabbit bubble milk tea,TheMall-001
1756877503634,1756877535499,135ef541-0de0-41cb-bd1f-c909b3ddb9a3,https://amity-merlin-downloadable.s3.amazonaws.com/audios/71405e8939770bc6b6244b4865835a88/1756877535499.wav,ร้าน RABBIT BUBBLE MILK TEA มีที่สาขาไหนครับ,ร้าน RABBIT BUBBLE MILK TEA มีสาขาที่ The Mall Lifestore บางแค ชั้น2 และที่ The Mall Lifestore ท่าพระ ชั้น1 ค่ะ,th-TH,,false,2025-09-03T12:32:15.500011+07:00,2025-09-03T12:32:23.066083+07:00,Shop Specific,"Coffee, Tea, and Casual Café",rabbit bubble milk tea,TheMall-001
1756877503634,1756877509621,135ef541-0de0-41cb-bd1f-c909b3ddb9a3,https://amity-merlin-downloadable.s3.amazonaws.com/audios/71405e8939770bc6b6244b4865835a88/1756877509621.wav,ร้าน CASA LAPIN อยู่ที่ชั้นไหนครับ,ร้าน CASA LAPIN อยู่ที่ชั้น1 ของ The Mall Lifestore Ngamwongwan ค่ะ,th-TH,,false,2025-09-03T12:31:49.62204+07:00,2025-09-03T12:31:55.522802+07:00,Shop Specific,"Coffee, Tea, and Casual Café",casa lapin,TheMall-001
1756877361731,1756877441364,135ef541-0de0-41cb-bd1f-c909b3ddb9a3,https://amity-merlin-downloadable.s3.amazonaws.com/audios/71405e8939770bc6b6244b4865835a88/1756877441364.wav,โปรโมชั่นเหมือนกันทุกสาขาไหมคะ,โปรโมชั่นที่อีฟแอนด์บอยในศูนย์การค้าของเราจะเป็นส่วนหนึ่งของ Beauty Promotion ค่ะ ซึ่งมีข้อเสนอเช่น ซื้อ1 แถม1 ที่ร้านความงามที่ร่วมรายการ รวมถึงอีฟแอนด์บอยด้วยค่ะ,th-TH,,false,2025-09-03T12:30:41.364929+07:00,2025-09-03T12:30:49.305281+07:00,Promotions,,,TheMall-001
1756877361731,1756877401645,135ef541-0de0-41cb-bd1f-c909b3ddb9a3,https://amity-merlin-downloadable.s3.amazonaws.com/audios/71405e8939770bc6b6244b4865835a88/1756877401645.wav,ขอทุกสาขาค่ะ,อีฟแอนด์บอยมีสาขาในศูนย์การค้าของเราดังนี้ค่ะ,th-TH,,false,2025-09-03T12:30:01.64514+07:00,2025-09-03T12:30:08.517092+07:00,Misc,,,TheMall-001
1756877361731,1756877369022,135ef541-0de0-41cb-bd1f-c909b3ddb9a3,https://amity-merlin-downloadable.s3.amazonaws.com/audios/71405e8939770bc6b6244b4865835a88/1756877369022.wav,อีฟแอนด์บอยอยู่ชั้นไหนคะ,เพื่อให้ข้อมูลที่แม่นยำที่สุด,th-TH,,false,2025-09-03T12:29:29.022511+07:00,2025-09-03T12:29:38.390286+07:00,Shop Specific,Drug Store & Personal Care,อีฟแอนด์บอย,TheMall-001
1756867740080,1756867832026,135ef541-0de0-41cb-bd1f-c909b3ddb9a3,https://amity-merlin-downloadable.s3.amazonaws.com/audios/71405e8939770bc6b6244b4865835a88/1756867832026.wav,The Mall Lifestore Bangkapi,ขอโทษค่ะ ฉันไม่พบข้อมูลเกี่ยวกับร้าน KFC ที่ The Mall Lifestore Bangkapi ค่ะ,th-TH,,true,2025-09-03T09:50:32.026777+07:00,2025-09-03T09:50:38.520231+07:00,Shop Specific,Department Store,the mall lifestore bangkapi,TheMall-001
1756867740080,1756867806634,135ef541-0de0-41cb-bd1f-c909b3ddb9a3,https://amity-merlin-downloadable.s3.amazonaws.com/audios/71405e8939770bc6b6244b4865835a88/1756867806634.wav,เดินทางไปยังไงครับ,เพื่อให้ข้อมูลที่แม่นยำที่สุด,th-TH,,false,2025-09-03T09:50:06.634267+07:00,2025-09-03T09:50:12.655117+07:00,Map and Navigation,,,TheMall-001
1756867740080,1756867781877,135ef541-0de0-41cb-bd1f-c909b3ddb9a3,https://amity-merlin-downloadable.s3.amazonaws.com/audios/71405e8939770bc6b6244b4865835a88/1756867781877.wav,KFC บางกะปิ,KFC ที่ The Mall Lifestore Bangkapi อยู่ที่ชั้น G ค่ะ,th-TH,,false,2025-09-03T09:49:41.877895+07:00,2025-09-03T09:49:49.709825+07:00,Shop Specific,Fast Foods,kfc,TheMall-001
1756867740080,1756867745855,135ef541-0de0-41cb-bd1f-c909b3ddb9a3,https://amity-merlin-downloadable.s3.amazonaws.com/audios/71405e8939770bc6b6244b4865835a88/1756867745855.wav,KFC อยู่ไหน,เพื่อให้ข้อมูลที่แม่นยำที่สุด,th-TH,true,false,2025-09-03T09:49:05.857273+07:00,2025-09-03T09:49:12.129426+07:00,Shop Specific,Fast Foods,kfc,TheMall-001
1756867557487,1756867705409,135ef541-0de0-41cb-bd1f-c909b3ddb9a3,https://amity-merlin-downloadable.s3.amazonaws.com/audios/71405e8939770bc6b6244b4865835a88/1756867705409.wav,ใคร FC อยู่ไหน,ฉันไม่พบข้อมูลเกี่ยวกับ FC ค่ะ,th-TH,true,false,2025-09-03T09:48:25.40937+07:00,2025-09-03T09:48:31.942431+07:00,Misc,,,TheMall-001
1756867557487,1756867668698,135ef541-0de0-41cb-bd1f-c909b3ddb9a3,https://amity-merlin-downloadable.s3.amazonaws.com/audios/71405e8939770bc6b6244b4865835a88/1756867668698.wav,แล้วชั้น M ไปยังไงครับ,"คุณลูกค้าสามารถขึ้นไปยังชั้น M ที่ The Mall Lifestore บางกะปิ ได้โดยใช้ลิฟต์หรือบันไดเลื่อนภายในห้างค่ะ ชั้น M เป็นชั้นที่มีร้านแฟชั่นและไลฟ์สไตล์มากมาย เช่น LYN AROUND, MITR, KOMEHYO, KKV และ GENTLEWOMAN ค่ะ",th-TH,,false,2025-09-03T09:47:48.698903+07:00,2025-09-03T09:47:57.954448+07:00,Map and Navigation,Floor,,TheMall-001
1756867557487,1756867635380,135ef541-0de0-41cb-bd1f-c909b3ddb9a3,https://amity-merlin-downloadable.s3.amazonaws.com/audios/71405e8939770bc6b6244b4865835a88/1756867635380.wav,ร้าน STARBUCKS,ร้าน STARBUCKS ที่ The Mall Lifestore บางกะปิ มีทั้งหมด3 สาขานะคะ- ชั้น M- ชั้น3- ชั้น Gคุณลูกค้าสามารถเลือกไปชิมกาแฟและนั่งพักผ่อนที่สาขาใดสาขาหนึ่งได้เลยค่ะ,th-TH,,false,2025-09-03T09:47:15.380303+07:00,2025-09-03T09:47:24.343343+07:00,Shop Specific,"Coffee, Tea, and Casual Café",starbucks,TheMall-001
1756867557487,1756867601167,135ef541-0de0-41cb-bd1f-c909b3ddb9a3,https://amity-merlin-downloadable.s3.amazonaws.com/audios/71405e8939770bc6b6244b4865835a88/1756867601167.wav,ร้าน MANGO,ร้าน MANGO ที่ The Mall Lifestore บางกะปิ อยู่ที่ชั้น M ค่ะ,th-TH,,false,2025-09-03T09:46:41.167886+07:00,2025-09-03T09:46:47.217162+07:00,Shop Specific,Ready-to-wear,mango,TheMall-001
1756867557487,1756867566115,135ef541-0de0-41cb-bd1f-c909b3ddb9a3,https://amity-merlin-downloadable.s3.amazonaws.com/audios/71405e8939770bc6b6244b4865835a88/1756867566115.wav,ห้าง The Mall Lifestore บางกะปิ เปิดกี่โมงครับ,ห้าง The Mall Lifestore บางกะปิ เปิดให้บริการตั้งแต่เวลา10:00 น. ถึง21:00 น. ในวันอาทิตย์ถึงวันพฤหัสบดีค่ะ,th-TH,,false,2025-09-03T09:46:06.115201+07:00,2025-09-03T09:46:14.887629+07:00,Shop Specific,Department Store,the mall lifestore บางกะปิ,TheMall-001
1756816237738,1756816346718,135ef541-0de0-41cb-bd1f-c909b3ddb9a3,https://amity-merlin-downloadable.s3.amazonaws.com/audios/71405e8939770bc6b6244b4865835a88/1756816346718.wav,เดอะ มอลล์ ไลฟ์สโตร์ บางกะปิ,ขอโทษค่ะ ฉันไม่พบข้อมูลเกี่ยวกับร้าน Banana IT ที่เดอะ มอลล์ ไลฟ์สโตร์ บางกะปิค่ะ,th-TH,,true,2025-09-02T19:32:26.719007+07:00,2025-09-02T19:32:33.085998+07:00,Shop Specific,Department Store,เดอะ มอลล์ ไลฟ์สโตร์ บางกะปิ,TheMall-001
1756816237738,1756816316097,135ef541-0de0-41cb-bd1f-c909b3ddb9a3,https://amity-merlin-downloadable.s3.amazonaws.com/audios/71405e8939770bc6b6244b4865835a88/1756816316097.wav,ร้าน Banana IT อยู่ชั้นไหน,เพื่อให้ข้อมูลที่แม่นยำที่สุด,th-TH,,false,2025-09-02T19:31:56.097473+07:00,2025-09-02T19:32:03.113936+07:00,Shop Specific,"Computer, Mobile, and Services",banana it,TheMall-001
1756816237738,1756816289342,135ef541-0de0-41cb-bd1f-c909b3ddb9a3,https://amity-merlin-downloadable.s3.amazonaws.com/audios/71405e8939770bc6b6244b4865835a88/1756816289342.wav,เดอะ มอลล์ ไลฟ์สโตร์ บางกะปิ,ขอโทษค่ะ ฉันไม่พบข้อมูลเกี่ยวกับร้าน Banana IT ที่เดอะ มอลล์ ไลฟ์สโตร์ บางกะปิค่ะ,th-TH,,true,2025-09-02T19:31:29.342666+07:00,2025-09-02T19:31:35.74689+07:00,Shop Specific,Department Store,เดอะ มอลล์ ไลฟ์สโตร์ บางกะปิ,TheMall-001
1756816237738,1756816244727,135ef541-0de0-41cb-bd1f-c909b3ddb9a3,https://amity-merlin-downloadable.s3.amazonaws.com/audios/71405e8939770bc6b6244b4865835a88/1756816244727.wav,Banana IT อยู่ชั้นไหน,เพื่อให้ข้อมูลที่แม่นยำที่สุด,th-TH,,false,2025-09-02T19:30:44.727304+07:00,2025-09-02T19:30:52.2576+07:00,Shop Specific,"Computer, Mobile, and Services",banana it,TheMall-001
1756810579517,1756810650810,135ef541-0de0-41cb-bd1f-c909b3ddb9a3,https://amity-merlin-downloadable.s3.amazonaws.com/audios/71405e8939770bc6b6244b4865835a88/1756810650810.wav,ไม่ต้องอะไร ไม่ต้องแล้ว แค่นี้แหละ GQ,สวัสดีค่ะ หากคุณลูกค้าต้องการข้อมูลเพิ่มเติมเกี่ยวกับร้าน GQ หรือเรื่องอื่น ๆ ในศูนย์การค้าของเรา ยินดีให้บริการนะคะ,th-TH,,false,2025-09-02T17:57:30.81096+07:00,2025-09-02T17:57:38.470492+07:00,Misc,,,TheMall-001
1756810579517,1756810624445,135ef541-0de0-41cb-bd1f-c909b3ddb9a3,https://amity-merlin-downloadable.s3.amazonaws.com/audios/71405e8939770bc6b6244b4865835a88/1756810624445.wav,อยากรู้ทางไปโรงหนังค่ะ,เพื่อให้ข้อมูลที่แม่นยำที่สุด,th-TH,,false,2025-09-02T17:57:04.445514+07:00,2025-09-02T17:57:13.916754+07:00,Map and Navigation,"Cinema, Karaoke, Bowling",,TheMall-001
1756810579517,1756810600076,135ef541-0de0-41cb-bd1f-c909b3ddb9a3,https://amity-merlin-downloadable.s3.amazonaws.com/audios/71405e8939770bc6b6244b4865835a88/1756810600076.wav,ทางไปเมเจอร์อยู่ทางไหนคะ,ขอโทษด้วยค่ะ ตอนนี้ฉันไม่มีข้อมูลเกี่ยวกับทางไปเมเจอร์ในศูนย์การค้าของเรา,th-TH,,true,2025-09-02T17:56:40.076936+07:00,2025-09-02T17:56:46.955742+07:00,Shop Specific,"Cinema, Karaoke, Bowling",เมเจอร์,TheMall-001
1756810579517,1756810585489,135ef541-0de0-41cb-bd1f-c909b3ddb9a3,https://amity-merlin-downloadable.s3.amazonaws.com/audios/71405e8939770bc6b6244b4865835a88/1756810585489.wav,สวัสดีค่ะ,สวัสดีค่ะ มีอะไรให้ช่วยเกี่ยวกับศูนย์การค้าของเราหรือเปล่าคะ,th-TH,,false,2025-09-02T17:56:25.489967+07:00,2025-09-02T17:56:30.480273+07:00,Misc,,,TheMall-001
1756807598514,1756807603879,135ef541-0de0-41cb-bd1f-c909b3ddb9a3,https://amity-merlin-downloadable.s3.amazonaws.com/audios/71405e8939770bc6b6244b4865835a88/1756807603879.wav,Power Mall อยู่ชั้นไหน,"Power Mall เป็นแผนกที่มีในทุกสาขาของ The Mall Lifestore, The Mall Korat, Emporium และ Paragon ค่ะ",th-TH,,false,2025-09-02T17:06:43.880036+07:00,2025-09-02T17:06:51.77059+07:00,Shop Specific,"Computer, Mobile, and Services",power mall,TheMall-001
1756803149076,1756803159831,135ef541-0de0-41cb-bd1f-c909b3ddb9a3,,WATSONS,,th-TH,,false,2025-09-02T15:52:39.831189+07:00,2025-09-02T15:52:41.99087+07:00,Shop Specific,Drug Store & Personal Care,watsons,TheMall-001
1756799738415,1756799746178,135ef541-0de0-41cb-bd1f-c909b3ddb9a3,https://amity-merlin-downloadable.s3.amazonaws.com/audios/71405e8939770bc6b6244b4865835a88/1756799746178.wav,ไปธนาคารไทยพาณิชย์,สวัสดีค่ะ คุณลูกค้าสามารถไปใช้บริการธนาคารไทยพาณิชย์ (SCB) ได้ที่สาขาต่อไปนี้ค่ะ,th-TH,,false,2025-09-02T14:55:46.178607+07:00,2025-09-02T14:56:02.195929+07:00,Shop Specific,"Bank, Financial and Insurance Institution",ธนาคารไทยพาณิชย์,TheMall-001
1756793562566,1756793898306,135ef541-0de0-41cb-bd1f-c909b3ddb9a3,https://amity-merlin-downloadable.s3.amazonaws.com/audios/71405e8939770bc6b6244b4865835a88/1756793898306.wav,ผมไปร้าน MANGO มาแล้วครับ ร้านปิด,ร้าน MANGO ที่ The Mall Lifestore บางกะปิ ชั้น M ยังเปิดให้บริการตามปกติค่ะ,th-TH,,false,2025-09-02T13:18:18.306927+07:00,2025-09-02T13:18:26.337508+07:00,Shop Specific,Ready-to-wear,mango,TheMall-001
1756793562566,1756793865667,135ef541-0de0-41cb-bd1f-c909b3ddb9a3,https://amity-merlin-downloadable.s3.amazonaws.com/audios/71405e8939770bc6b6244b4865835a88/1756793865667.wav,ผมจะไปร้าน MANGO ครับ,ร้าน MANGO ตั้งอยู่ที่ The Mall Lifestore บางกะปิ ชั้น M ค่ะ,th-TH,,false,2025-09-02T13:17:45.667222+07:00,2025-09-02T13:17:52.674921+07:00,Shop Specific,Ready-to-wear,mango,TheMall-001
1756793562566,1756793831652,135ef541-0de0-41cb-bd1f-c909b3ddb9a3,https://amity-merlin-downloadable.s3.amazonaws.com/audios/71405e8939770bc6b6244b4865835a88/1756793831652.wav,จะไปแผนก BETREND ที่ไหนครับ,ร้าน BETREND ตั้งอยู่ในโซน Lifestyle Zone ค่ะ เป็นร้านที่เหมาะสำหรับคนรักงานศิลปะและของตกแต่งสวยๆ น่ารักๆ ถ้าคุณลูกค้าชอบของแนวนี้ แนะนำให้ไปที่โซนนี้เลยค่ะ,th-TH,,false,2025-09-02T13:17:11.652851+07:00,2025-09-02T13:17:18.753998+07:00,Shop Specific,Livings / Furnitures / Home Décor / Gardening / Kitchen,betrend,TheMall-001
1756793562566,1756793807704,135ef541-0de0-41cb-bd1f-c909b3ddb9a3,,quick reply: promotion,"สวัสดีค่ะ! ตอนนี้มีโปรโมชั่นหลากหลายที่น่าสนใจนะคะ เช่น- โปรโมชั่น Exclusive Secret Deal ที่สาขางามวงศ์วาน รับสิทธิพิเศษเมื่อช้อปครบ2,000 บาท แลกรับคูปองเงินสดสูงสุด1,600 บาท พร้อมสิทธิพิเศษสำหรับสมาชิก M Card และบัตรเครดิตบางธนาคารค่ะ- โปรโมชั่นแฟชั่นและกีฬา ที่สาขางามวงศ์วาน รับคูปองเงินสด300 บาท เมื่อช้อปครบ1,500 บาทขึ้นไป และส่วนลดสูงสุด25% ที่ร้านแฟชั่นและกีฬาที่ร่วมรายการค่ะ- โปรโมชั่นอาหาร รับคูปองส่วนลดและสิทธิพิเศษสำหรับผู้ถือบัตรเครดิตธนาคารกสิกรไทย เมื่อทานอาหารครบตามเงื่อนไขที่ร้านอาหารที่ร่วมรายการค่ะ- โปรโมชั่นความงาม ซื้อ1 แถม1 ที่ร้านความงามและคลินิกที่ร่วมรายการ พร้อมรับคูปองเงินสดสูงสุด3,800 บาท สำหรับผู้ถือบัตรเครดิต BANGKOK BANK M VISA ค่ะ- และโปรโมชั่น The Bicester ที่มอบส่วนลด10% พร้อมบริการพิเศษสำหรับสมาชิก M Card และบัตรเครดิตบางประเภทค่ะถ้าคุณลูกค้าสนใจโปรโมชั่นใดเป็นพิเศษ หรืออยากทราบรายละเอียดเพิ่มเติมของสาขาไหน แจ้งได้นะคะ",th-TH,,false,2025-09-02T13:16:47.704625+07:00,2025-09-02T13:16:59.337793+07:00,Promotions,,,TheMall-001
1756793294634,1756793334442,135ef541-0de0-41cb-bd1f-c909b3ddb9a3,https://amity-merlin-downloadable.s3.amazonaws.com/audios/71405e8939770bc6b6244b4865835a88/1756793334442.wav,บางกะปิครับ,ที่ The Mall Lifestore บางกะปิ คุณลูกค้าสามารถไปซื้อพิซซ่าได้ที่ร้าน LA PIZZA FAHANA ค่ะ ร้านนี้ตั้งอยู่ที่ชั้น3 ของศูนย์การค้านะคะ,th-TH,,false,2025-09-02T13:08:54.443024+07:00,2025-09-02T13:09:01.897644+07:00,Misc,,,TheMall-001
1756793294634,1756793303133,135ef541-0de0-41cb-bd1f-c909b3ddb9a3,https://amity-merlin-downloadable.s3.amazonaws.com/audios/71405e8939770bc6b6244b4865835a88/1756793303133.wav,ผมจะไปซื้อพิซซ่ากินครับ,เพื่อให้ข้อมูลที่แม่นยำที่สุด,th-TH,,false,2025-09-02T13:08:23.133899+07:00,2025-09-02T13:08:34.57621+07:00,Recommendation,Restaurants,,TheMall-001
1756793168125,1756793244264,135ef541-0de0-41cb-bd1f-c909b3ddb9a3,https://amity-merlin-downloadable.s3.amazonaws.com/audios/71405e8939770bc6b6244b4865835a88/1756793244264.wav,ร้านปิดปรับปรุงแล้วครับ,ร้าน MANGO ที่เดอะมอลล์ไลฟ์สโตร์บางกะปิ ชั้น M ยังไม่มีข้อมูลว่าปิดปรับปรุงหรือปิดให้บริการนะคะ,th-TH,,false,2025-09-02T13:07:24.264634+07:00,2025-09-02T13:07:31.709013+07:00,Misc,,,TheMall-001
1756793168125,1756793213770,135ef541-0de0-41cb-bd1f-c909b3ddb9a3,https://amity-merlin-downloadable.s3.amazonaws.com/audios/71405e8939770bc6b6244b4865835a88/1756793213770.wav,ผมไปร้าน MANGO มาแล้วครับ ร้านปิด,ร้าน MANGO ที่เดอะมอลล์ไลฟ์สโตร์บางกะปิ ชั้น M ยังไม่มีข้อมูลว่าปิดให้บริการนะคะ,th-TH,,false,2025-09-02T13:06:53.770516+07:00,2025-09-02T13:07:00.869739+07:00,Shop Specific,Ready-to-wear,mango,TheMall-001
1756793168125,1756793175423,135ef541-0de0-41cb-bd1f-c909b3ddb9a3,https://amity-merlin-downloadable.s3.amazonaws.com/audios/71405e8939770bc6b6244b4865835a88/1756793175423.wav,ผมจะไปร้าน MANGO ครับ,ร้าน MANGO อยู่ที่เดอะมอลล์ไลฟ์สโตร์บางกะปิ ชั้น M ค่ะ,th-TH,,false,2025-09-02T13:06:15.42328+07:00,2025-09-02T13:06:21.715502+07:00,Shop Specific,Ready-to-wear,mango,TheMall-001
1756793019683,1756793115089,135ef541-0de0-41cb-bd1f-c909b3ddb9a3,https://amity-merlin-downloadable.s3.amazonaws.com/audios/71405e8939770bc6b6244b4865835a88/1756793115089.wav,ARI บางกะปิ,ร้าน ARI FOOTBALL ที่ The Mall Lifestore บางกะปิ อยู่ที่ชั้น1 ค่ะ,th-TH,,false,2025-09-02T13:05:15.089628+07:00,2025-09-02T13:05:20.931672+07:00,Misc,,,TheMall-001
1756793019683,1756793079353,135ef541-0de0-41cb-bd1f-c909b3ddb9a3,https://amity-merlin-downloadable.s3.amazonaws.com/audios/71405e8939770bc6b6244b4865835a88/1756793079353.wav,ต้องไปทางโซนไหนครับ,"ร้าน ARI FOOTBALL มีสาขาในหลายที่นะคะ เช่น The Mall Lifestore บางกะปิ, บางแค, งามวงศ์วาน และโคราช แต่ละสาขาจะอยู่คนละชั้นกันค่ะ",th-TH,,false,2025-09-02T13:04:39.353429+07:00,2025-09-02T13:04:46.268081+07:00,Map and Navigation,,,TheMall-001
1756793019683,1756793054010,135ef541-0de0-41cb-bd1f-c909b3ddb9a3,https://amity-merlin-downloadable.s3.amazonaws.com/audios/71405e8939770bc6b6244b4865835a88/1756793054010.wav,บางกะปิ,ร้าน ARI FOOTBALL ที่ The Mall Lifestore บางกะปิ อยู่ที่ชั้น1 ค่ะ,th-TH,,false,2025-09-02T13:04:14.010798+07:00,2025-09-02T13:04:20.016648+07:00,Misc,,,TheMall-001
1756793019683,1756793024893,135ef541-0de0-41cb-bd1f-c909b3ddb9a3,https://amity-merlin-downloadable.s3.amazonaws.com/audios/71405e8939770bc6b6244b4865835a88/1756793024893.wav,ร้าน ARI,เพื่อให้ข้อมูลที่แม่นยำที่สุด,th-TH,,false,2025-09-02T13:03:44.893382+07:00,2025-09-02T13:03:52.357285+07:00,Shop Specific,"Computer, Mobile, and Services",ari,TheMall-001
1756792740277,1756792986010,135ef541-0de0-41cb-bd1f-c909b3ddb9a3,,quick reply: promotion,,th-TH,,false,2025-09-02T13:03:06.01062+07:00,2025-09-02T13:03:09.556762+07:00,Promotions,,,TheMall-001
1756792685164,1756792719396,135ef541-0de0-41cb-bd1f-c909b3ddb9a3,https://amity-merlin-downloadable.s3.amazonaws.com/audios/71405e8939770bc6b6244b4865835a88/1756792719396.wav,ร้านที่แลกเงินอยู่ชั้นไหนบ้าง,ร้าน SuperRich แลกเงินยังไม่มีข้อมูลในศูนย์การค้าของเราค่ะ,th-TH,,false,2025-09-02T12:58:39.396305+07:00,2025-09-02T12:58:45.599114+07:00,Map and Navigation,Money Exchange,,TheMall-001
1756792685164,1756792691583,135ef541-0de0-41cb-bd1f-c909b3ddb9a3,https://amity-merlin-downloadable.s3.amazonaws.com/audios/71405e8939770bc6b6244b4865835a88/1756792691583.wav,ร้าน SuperRich แลกตังค์อยู่ชั้นไหน,ร้าน SuperRich แลกเงินยังไม่มีข้อมูลในศูนย์การค้าของเราค่ะ,th-TH,,false,2025-09-02T12:58:11.583938+07:00,2025-09-02T12:58:18.275768+07:00,Shop Specific,Money Exchange,superrich,TheMall-001
1756792556287,1756792558940,135ef541-0de0-41cb-bd1f-c909b3ddb9a3,,Directory,ฉันไม่พบข้อมูลเกี่ยวกับ Directory ค่ะ,th-TH,,false,2025-09-02T12:55:58.940635+07:00,2025-09-02T12:56:03.253099+07:00,Misc,,,TheMall-001
1756792496927,1756792497860,135ef541-0de0-41cb-bd1f-c909b3ddb9a3,,quick reply: promotion,"สวัสดีค่ะ! ตอนนี้มีโปรโมชั่นหลากหลายที่น่าสนใจในศูนย์การค้าของเรา เช่น1. โปรโมชั่น Exclusive Secret Deal ที่สาขางามวงศ์วาน รับสิทธิพิเศษเมื่อช็อปครบ2,000 บาท พร้อมรับคูปองเงินสดสูงสุด1,600 บาท และสิทธิพิเศษสำหรับสมาชิก M Card และบัตรเครดิตบางธนาคารค่ะ2. โปรโมชั่นแฟชั่นและกีฬา ที่สาขางามวงศ์วาน รับคูปองเงินสด300 บาท เมื่อช็อปครบ1,500 บาท และส่วนลดสูงสุด25% ที่ร้านค้าที่ร่วมรายการ เช่น H&M, ADIDAS และอื่นๆ ค่ะ3. โปรโมชั่นอาหาร รับคูปองส่วนลดและสิทธิพิเศษสำหรับผู้ถือบัตรเครดิตธนาคารกสิกรไทย เมื่อทานอาหารครบตามเงื่อนไขที่ร้านอาหารที่ร่วมรายการค่ะ4. โปรโมชั่นความงาม ซื้อ1 แถม1 ที่ร้านความงามและคลินิกที่ร่วมรายการ พร้อมรับคูปองเงินสดสูงสุด3,800 บาท สำหรับผู้ถือบัตรเครดิต BANGKOK BANK M VISA ค่ะ5. โปรโมชั่น The Bicester รับส่วนลด10% พร้อมบริการพิเศษสำหรับสมาชิก M Card และบัตรเครดิตบางประเภทค่ะถ้าคุณลูกค้าสนใจโปรโมชั่นใดเป็นพิเศษ หรืออยากทราบรายละเอียดเพิ่มเติม แจ้งได้นะคะ",th-TH,,false,2025-09-02T12:54:57.860797+07:00,2025-09-02T12:55:06.142435+07:00,Promotions,,,TheMall-001
1756792416311,1756792423277,135ef541-0de0-41cb-bd1f-c909b3ddb9a3,https://amity-merlin-downloadable.s3.amazonaws.com/audios/71405e8939770bc6b6244b4865835a88/1756792423277.wav,ร้าน EVEANDBOY อยู่ชั้นไหน,ร้าน EVEANDBOY มีสาขาในศูนย์การค้าของเรา ดังนี้ค่ะ,th-TH,,false,2025-09-02T12:53:43.277425+07:00,2025-09-02T12:53:50.764446+07:00,Shop Specific,Cosmetics & Fragrance,eveandboy,TheMall-001
1756792218683,1756792327596,135ef541-0de0-41cb-bd1f-c909b3ddb9a3,https://amity-merlin-downloadable.s3.amazonaws.com/audios/71405e8939770bc6b6244b4865835a88/1756792327596.wav,จองโต๊ะได้ไหม,ร้าน SHABUSHI ทุกสาขาสามารถจองโต๊ะได้นะคะ,th-TH,,false,2025-09-02T12:52:07.596453+07:00,2025-09-02T12:52:14.599767+07:00,Misc,,,TheMall-001
1756792218683,1756792284032,135ef541-0de0-41cb-bd1f-c909b3ddb9a3,https://amity-merlin-downloadable.s3.amazonaws.com/audios/71405e8939770bc6b6244b4865835a88/1756792284032.wav,สอบถามเมนู,ร้าน SHABUSHI ที่ The Mall Lifestore บางกะปิ อยู่ที่ชั้น3 ค่ะ,th-TH,,false,2025-09-02T12:51:24.033109+07:00,2025-09-02T12:51:29.617513+07:00,Misc,,,TheMall-001
1756792218683,1756792259139,135ef541-0de0-41cb-bd1f-c909b3ddb9a3,https://amity-merlin-downloadable.s3.amazonaws.com/audios/71405e8939770bc6b6244b4865835a88/1756792259139.wav,The Mall Lifestore บางกะปิ,ร้าน SHABUSHI ที่ The Mall Lifestore บางกะปิ อยู่ที่ชั้น3 ค่ะ,th-TH,,false,2025-09-02T12:50:59.139775+07:00,2025-09-02T12:51:04.859634+07:00,Shop Specific,Department Store,the mall lifestore บางกะปิ,TheMall-001
1756792218683,1756792226580,135ef541-0de0-41cb-bd1f-c909b3ddb9a3,https://amity-merlin-downloadable.s3.amazonaws.com/audios/71405e8939770bc6b6244b4865835a88/1756792226580.wav,ร้านชาบูชิ อยู่ชั้นไหน,เพื่อให้ข้อมูลที่แม่นยำที่สุด,th-TH,,false,2025-09-02T12:50:26.580474+07:00,2025-09-02T12:50:35.534036+07:00,Shop Specific,Restaurants,ชาบูชิ,TheMall-001
1756792049002,1756792183973,135ef541-0de0-41cb-bd1f-c909b3ddb9a3,https://amity-merlin-downloadable.s3.amazonaws.com/audios/71405e8939770bc6b6244b4865835a88/1756792183973.wav,The Mall Lifestore บางกะปิ,ร้าน MK ที่ The Mall Lifestore บางกะปิ อยู่ที่ชั้น3 ค่ะ,th-TH,,false,2025-09-02T12:49:43.973336+07:00,2025-09-02T12:49:51.799967+07:00,Shop Specific,Department Store,the mall lifestore บางกะปิ,TheMall-001
1756792049002,1756792149525,135ef541-0de0-41cb-bd1f-c909b3ddb9a3,https://amity-merlin-downloadable.s3.amazonaws.com/audios/71405e8939770bc6b6244b4865835a88/1756792149525.wav,ร้าน SHABUSHI อยู่ชั้นไหน,เพื่อให้ข้อมูลที่แม่นยำที่สุด,th-TH,,false,2025-09-02T12:49:09.525908+07:00,2025-09-02T12:49:15.979671+07:00,Shop Specific,Restaurants,shabushi,TheMall-001
1756792049002,1756792103374,135ef541-0de0-41cb-bd1f-c909b3ddb9a3,https://amity-merlin-downloadable.s3.amazonaws.com/audios/71405e8939770bc6b6244b4865835a88/1756792103374.wav,ร้าน MR. D.I.Y. อยู่ชั้นไหน,ร้าน MR. D.I.Y. มีสาขาในศูนย์การค้าของเรา ดังนี้ค่ะ- ที่ The Mall Lifestore งามวงศ์วาน อยู่ที่ชั้น6- ที่ The Mall Lifestore บางแค อยู่ที่ชั้น1- ที่ The Mall Lifestore ท่าพระ อยู่ที่ชั้น1- ที่ The Mall Lifestore บางกะปิ อยู่ที่ชั้น2- ที่ The Mall โคราช อยู่ที่ชั้น2ถ้าคุณลูกค้าสนใจสาขาไหนเป็นพิเศษ แจ้งได้นะคะ ยินดีช่วยหาข้อมูลเพิ่มเติมค่ะ,th-TH,,false,2025-09-02T12:48:23.374701+07:00,2025-09-02T12:48:31.412174+07:00,Shop Specific,Repair and Services,mr diy,TheMall-001
1756792049002,1756792057488,135ef541-0de0-41cb-bd1f-c909b3ddb9a3,https://amity-merlin-downloadable.s3.amazonaws.com/audios/71405e8939770bc6b6244b4865835a88/1756792057488.wav,ร้าน MK อยู่ชั้นไหน,ร้าน MK RESTAURANTS มีสาขาในศูนย์การค้าของเรา ดังนี้ค่ะ,th-TH,,false,2025-09-02T12:47:37.488969+07:00,2025-09-02T12:47:44.72787+07:00,Shop Specific,Restaurants,mk,TheMall-001
1756791904212,1756792010408,135ef541-0de0-41cb-bd1f-c909b3ddb9a3,https://amity-merlin-downloadable.s3.amazonaws.com/audios/71405e8939770bc6b6244b4865835a88/1756792010408.wav,The Mall Lifestore Bangkapi,ขอโทษค่ะ ฉันไม่พบข้อมูลเกี่ยวกับร้าน MK ที่ The Mall Lifestore Bangkapi ค่ะ,th-TH,true,true,2025-09-02T12:46:50.408601+07:00,2025-09-02T12:46:57.02906+07:00,Shop Specific,Department Store,the mall lifestore bangkapi,TheMall-001
1756791904212,1756791980169,135ef541-0de0-41cb-bd1f-c909b3ddb9a3,https://amity-merlin-downloadable.s3.amazonaws.com/audios/71405e8939770bc6b6244b4865835a88/1756791980169.wav,MR. D.I.Y. อยู่ชั้นไหน,เพื่อให้ข้อมูลที่แม่นยำที่สุด,th-TH,,false,2025-09-02T12:46:20.169714+07:00,2025-09-02T12:46:26.589332+07:00,Shop Specific,Repair and Services,mr diy,TheMall-001
1756791904212,1756791953879,135ef541-0de0-41cb-bd1f-c909b3ddb9a3,https://amity-merlin-downloadable.s3.amazonaws.com/audios/71405e8939770bc6b6244b4865835a88/1756791953879.wav,The Mall Lifestore Bangkapi,ขอโทษค่ะ ฉันไม่พบข้อมูลเกี่ยวกับร้าน MK ที่ The Mall Lifestore Bangkapi ค่ะ,th-TH,,true,2025-09-02T12:45:53.879419+07:00,2025-09-02T12:45:59.878731+07:00,Shop Specific,Department Store,the mall lifestore bangkapi,TheMall-001
1756791904212,1756791910168,135ef541-0de0-41cb-bd1f-c909b3ddb9a3,https://amity-merlin-downloadable.s3.amazonaws.com/audios/71405e8939770bc6b6244b4865835a88/1756791910168.wav,MK อยู่ไหน,เพื่อให้ข้อมูลที่แม่นยำที่สุด,th-TH,,false,2025-09-02T12:45:10.173839+07:00,2025-09-02T12:45:17.466248+07:00,Shop Specific,Restaurants,mk,TheMall-001
1756791741338,1756791841035,135ef541-0de0-41cb-bd1f-c909b3ddb9a3,,Where is Super Rich?,"To give you the most accurate information,",en-US,,false,2025-09-02T12:44:01.035351+07:00,2025-09-02T12:44:06.432178+07:00,Shop Specific,Money Exchange,super rich,TheMall-001
1756791741338,1756791814500,135ef541-0de0-41cb-bd1f-c909b3ddb9a3,https://amity-merlin-downloadable.s3.amazonaws.com/audios/71405e8939770bc6b6244b4865835a88/1756791814500.wav,Chris Rock,"To give you the most accurate information,",en-US,,false,2025-09-02T12:43:34.501064+07:00,2025-09-02T12:43:39.281338+07:00,Misc,,,TheMall-001
1756791741338,1756791791989,135ef541-0de0-41cb-bd1f-c909b3ddb9a3,https://amity-merlin-downloadable.s3.amazonaws.com/audios/71405e8939770bc6b6244b4865835a88/1756791791989.wav,What's wrong?,"To give you the most accurate information,",en-US,,false,2025-09-02T12:43:11.989494+07:00,2025-09-02T12:43:17.349843+07:00,Misc,,,TheMall-001
1756791741338,1756791772150,135ef541-0de0-41cb-bd1f-c909b3ddb9a3,https://amity-merlin-downloadable.s3.amazonaws.com/audios/71405e8939770bc6b6244b4865835a88/1756791772150.wav,What's wrong?,"I'm not quite sure what you mean, but I'm happy to help!",en-US,,false,2025-09-02T12:42:52.152512+07:00,2025-09-02T12:42:57.411512+07:00,Misc,,,TheMall-001
1756791741338,1756791747727,135ef541-0de0-41cb-bd1f-c909b3ddb9a3,https://amity-merlin-downloadable.s3.amazonaws.com/audios/71405e8939770bc6b6244b4865835a88/1756791747727.wav,Where is the police?,"To give you the most accurate information,",en-US,,false,2025-09-02T12:42:27.727775+07:00,2025-09-02T12:42:34.530873+07:00,Facilities,Specific purpose,,TheMall-001
1756791274007,1756791333440,135ef541-0de0-41cb-bd1f-c909b3ddb9a3,https://amity-merlin-downloadable.s3.amazonaws.com/audios/71405e8939770bc6b6244b4865835a88/1756791333440.wav,นำเงินต่างประเทศมาแลกเป็นเงินไทยได้ที่ไหนคะ,ฉันไม่พบข้อมูลเกี่ยวกับการแลกเงินต่างประเทศค่ะ,th-TH,,false,2025-09-02T12:35:33.440547+07:00,2025-09-02T12:35:41.803505+07:00,Facilities,Money Exchange,,TheMall-001
1756791274007,1756791310564,135ef541-0de0-41cb-bd1f-c909b3ddb9a3,https://amity-merlin-downloadable.s3.amazonaws.com/audios/71405e8939770bc6b6244b4865835a88/1756791310564.wav,แลกเงินต่างประเทศค่ะ,ฉันไม่พบข้อมูลเกี่ยวกับการแลกเงินต่างประเทศค่ะ,th-TH,,false,2025-09-02T12:35:10.564471+07:00,2025-09-02T12:35:16.860196+07:00,Facilities,Money Exchange,,TheMall-001
1756791274007,1756791279991,135ef541-0de0-41cb-bd1f-c909b3ddb9a3,https://amity-merlin-downloadable.s3.amazonaws.com/audios/71405e8939770bc6b6244b4865835a88/1756791279991.wav,แลกเปลี่ยนเดนต้าได้ที่ไหนคะ,คุณลูกค้าสามารถแลกเปลี่ยนเดนต้าได้ที่เคาน์เตอร์แลกรับสิทธิ์ของเดอะมอลล์ที่ เดอะมอลล์ไลฟ์สโตร์ งามวงศ์วาน ค่ะตั้งอยู่ที่ชั้น1 ข้างบันไดเลื่อนฝั่งลิฟต์แก้ว และชั้น5 ข้างลิฟต์แก้วค่ะ,th-TH,,false,2025-09-02T12:34:39.992011+07:00,2025-09-02T12:34:48.316295+07:00,Facilities,Money Exchange,,TheMall-001
1756791035753,1756791216810,135ef541-0de0-41cb-bd1f-c909b3ddb9a3,https://amity-merlin-downloadable.s3.amazonaws.com/audios/71405e8939770bc6b6244b4865835a88/1756791216810.wav,I would like to exchange money. Where can I exchange money?,I couldn't find any information about money exchange services at the shopping centers.,en-US,,false,2025-09-02T12:33:36.811305+07:00,2025-09-02T12:33:45.281714+07:00,Facilities,Money Exchange,,TheMall-001
1756791035753,1756791189553,135ef541-0de0-41cb-bd1f-c909b3ddb9a3,https://amity-merlin-downloadable.s3.amazonaws.com/audios/71405e8939770bc6b6244b4865835a88/1756791189553.wav,I like,"To give you the most accurate information,",en-US,,false,2025-09-02T12:33:09.553308+07:00,2025-09-02T12:33:15.041659+07:00,Misc,,,TheMall-001
1756791035753,1756791165616,135ef541-0de0-41cb-bd1f-c909b3ddb9a3,https://amity-merlin-downloadable.s3.amazonaws.com/audios/71405e8939770bc6b6244b4865835a88/1756791165616.wav,"Bangkapi, I would like to exchange at The Mall Bangkapi.",I couldn't find any information about money exchange services at The Mall Bangkapi.,en-US,,false,2025-09-02T12:32:45.616425+07:00,2025-09-02T12:32:52.375478+07:00,Facilities,Money Exchange,the mall bangkapi,TheMall-001
1756791035753,1756791139166,135ef541-0de0-41cb-bd1f-c909b3ddb9a3,https://amity-merlin-downloadable.s3.amazonaws.com/audios/71405e8939770bc6b6244b4865835a88/1756791139166.wav,What is money exchange?,"To help you better,",en-US,,false,2025-09-02T12:32:19.16618+07:00,2025-09-02T12:32:24.78839+07:00,Facilities,Money Exchange,,TheMall-001
1756791035753,1756791045239,135ef541-0de0-41cb-bd1f-c909b3ddb9a3,https://amity-merlin-downloadable.s3.amazonaws.com/audios/71405e8939770bc6b6244b4865835a88/1756791045239.wav,that is the exchange money,"To give you the most accurate information,",en-US,,false,2025-09-02T12:30:45.239957+07:00,2025-09-02T12:30:50.695987+07:00,Facilities,Money Exchange,,TheMall-001
1756790936849,1756790986896,135ef541-0de0-41cb-bd1f-c909b3ddb9a3,https://amity-merlin-downloadable.s3.amazonaws.com/audios/71405e8939770bc6b6244b4865835a88/1756790986896.wav,บางกะปิ,ร้านนวดที่ The Mall Lifestore บางกะปิ ยังไม่มีข้อมูลในตอนนี้ค่ะ,th-TH,,false,2025-09-02T12:29:46.896266+07:00,2025-09-02T12:29:53.659413+07:00,Misc,,,TheMall-001
1756790936849,1756790942138,135ef541-0de0-41cb-bd1f-c909b3ddb9a3,https://amity-merlin-downloadable.s3.amazonaws.com/audios/71405e8939770bc6b6244b4865835a88/1756790942138.wav,ร้านนวดอยู่ตรงไหนคะ,ร้านนวดที่มีในศูนย์การค้าของเราค่ะ- SIRA SPA & MASSGE อยู่ที่ชั้น1 ของ The Mall Lifestore งามวงศ์วานค่ะ,th-TH,,false,2025-09-02T12:29:02.140696+07:00,2025-09-02T12:29:08.651668+07:00,Map and Navigation,Spa and Massage service,,TheMall-001
1756783108078,1756783143593,135ef541-0de0-41cb-bd1f-c909b3ddb9a3,https://amity-merlin-downloadable.s3.amazonaws.com/audios/71405e8939770bc6b6244b4865835a88/1756783143593.wav,The Mall Bangkapi,ร้าน MR. D.I.Y. ที่ The Mall Lifestore Bangkapi อยู่ที่ชั้น2 ค่ะ,th-TH,,false,2025-09-02T10:19:03.593845+07:00,2025-09-02T10:19:09.601368+07:00,Misc,,,TheMall-001
1756783108078,1756783113354,135ef541-0de0-41cb-bd1f-c909b3ddb9a3,https://amity-merlin-downloadable.s3.amazonaws.com/audios/71405e8939770bc6b6244b4865835a88/1756783113354.wav,Mister D.I.Y. อยู่ไหนคะ,เพื่อให้ข้อมูลที่แม่นยำที่สุด,th-TH,,false,2025-09-02T10:18:33.354569+07:00,2025-09-02T10:18:40.534062+07:00,Shop Specific,Repair and Services,mister diy,TheMall-001
1756726299022,1756726443395,135ef541-0de0-41cb-bd1f-c909b3ddb9a3,https://amity-merlin-downloadable.s3.amazonaws.com/audios/71405e8939770bc6b6244b4865835a88/1756726443395.wav,ร้าน KKV ไปทางไหน,เพื่อให้ข้อมูลที่แม่นยำที่สุด,th-TH,,false,2025-09-01T18:34:03.395693+07:00,2025-09-01T18:34:11.951238+07:00,Shop Specific,Lifestyle store,kkv,TheMall-001
1756726299022,1756726398606,135ef541-0de0-41cb-bd1f-c909b3ddb9a3,https://amity-merlin-downloadable.s3.amazonaws.com/audios/71405e8939770bc6b6244b4865835a88/1756726398606.wav,สาขา The Mall Lifestore บางกะปิ,สวัสดีค่ะ สำหรับสาขา The Mall Lifestore บางกะปิ ร้านค้าที่น่าสนใจมีดังนี้ค่ะ,th-TH,,false,2025-09-01T18:33:18.606869+07:00,2025-09-01T18:33:28.010684+07:00,Shop Specific,Department Store,the mall lifestore,TheMall-001
1756726299022,1756726367379,135ef541-0de0-41cb-bd1f-c909b3ddb9a3,https://amity-merlin-downloadable.s3.amazonaws.com/audios/71405e8939770bc6b6244b4865835a88/1756726367379.wav,ร้าน KKV อยู่ที่ไหน,เพื่อให้ข้อมูลที่แม่นยำที่สุด,th-TH,,false,2025-09-01T18:32:47.379639+07:00,2025-09-01T18:32:59.291375+07:00,Shop Specific,Lifestyle store,kkv,TheMall-001
1756726299022,1756726327798,135ef541-0de0-41cb-bd1f-c909b3ddb9a3,https://amity-merlin-downloadable.s3.amazonaws.com/audios/71405e8939770bc6b6244b4865835a88/1756726327798.wav,The Mall Lifestore บางกะปิ,สวัสดีค่ะ สำหรับ The Mall Lifestore บางกะปิ มีร้านค้าที่น่าสนใจหลายร้านเลยนะคะ เช่น- UNIQLO อยู่ที่ชั้น M- H&M อยู่ที่ชั้น1- SONY STORE อยู่ที่ชั้น2- MOSHI MOSHI อยู่ที่ชั้น1- PANDORA อยู่ที่ชั้น Mถ้าคุณลูกค้าสนใจร้านไหนเป็นพิเศษ หรืออยากได้ข้อมูลเพิ่มเติมเกี่ยวกับร้านค้าอื่น ๆ แจ้งได้นะคะ,th-TH,,false,2025-09-01T18:32:07.798141+07:00,2025-09-01T18:32:17.579477+07:00,Shop Specific,Department Store,the mall lifestore บางกะปิ,TheMall-001
1756726299022,1756726302768,135ef541-0de0-41cb-bd1f-c909b3ddb9a3,,Directory,เพื่อให้ข้อมูลที่แม่นยำที่สุด,th-TH,,false,2025-09-01T18:31:42.768619+07:00,2025-09-01T18:31:47.290999+07:00,Misc,,,TheMall-001
1756726247767,1756726249050,135ef541-0de0-41cb-bd1f-c909b3ddb9a3,,quick reply: promotion,"สวัสดีค่ะ! ตอนนี้มีโปรโมชั่นหลากหลายที่น่าสนใจในศูนย์การค้าของเรา เช่น1. โปรโมชั่น Exclusive Secret Deal ที่สาขางามวงศ์วาน รับสิทธิพิเศษและคูปองเงินสดเมื่อช้อปครบตามเงื่อนไขค่ะ2. โปรโมชั่นแฟชั่นและกีฬา ที่สาขางามวงศ์วาน รับคูปองเงินสดและส่วนลดสูงสุดถึง25% ที่ร้านค้าที่ร่วมรายการ3. โปรโมชั่นอาหาร รับคูปองส่วนลดและสิทธิพิเศษเมื่อทานอาหารครบตามยอดที่กำหนด พร้อมบัตรเครดิตกสิกรไทย4. โปรโมชั่นความงาม ซื้อ1 แถม1 และรับคูปองเงินสดสูงสุดถึง3,800 บาท พร้อมผ่อน0% นานสูงสุด10 เดือนที่คลินิกและร้านความงามที่ร่วมรายการ5. โปรโมชั่น The Bicester รับส่วนลด10% พร้อมบริการพิเศษสำหรับลูกค้า M Card และบัตรเครดิตบางประเภทถ้าคุณลูกค้าสนใจโปรโมชั่นใดเป็นพิเศษ แจ้งชื่อโปรโมชั่นหรือสาขาที่ต้องการทราบได้นะคะ",th-TH,,false,2025-09-01T18:30:49.05102+07:00,2025-09-01T18:30:56.882884+07:00,Promotions,,,TheMall-001
1756726210833,1756726226708,135ef541-0de0-41cb-bd1f-c909b3ddb9a3,,quick reply: promotion,,th-TH,,false,2025-09-01T18:30:26.709012+07:00,2025-09-01T18:30:29.114538+07:00,Promotions,,,TheMall-001
1756726150375,1756726158122,135ef541-0de0-41cb-bd1f-c909b3ddb9a3,https://amity-merlin-downloadable.s3.amazonaws.com/audios/71405e8939770bc6b6244b4865835a88/1756726158122.wav,แผนก The Living อยู่ชั้นไหนคะ,ขอโทษค่ะ ฉันไม่พบข้อมูลเกี่ยวกับแผนก The Living ค่ะ,th-TH,,true,2025-09-01T18:29:18.123127+07:00,2025-09-01T18:29:24.446278+07:00,Map and Navigation,Livings / Furnitures / Home Décor / Gardening / Kitchen,,TheMall-001
1756726090622,1756726098473,135ef541-0de0-41cb-bd1f-c909b3ddb9a3,https://amity-merlin-downloadable.s3.amazonaws.com/audios/71405e8939770bc6b6244b4865835a88/1756726098473.wav,ร้าน ARI อยู่ชั้นไหนครับ,เพื่อให้ข้อมูลที่แม่นยำที่สุด,th-TH,,false,2025-09-01T18:28:18.473938+07:00,2025-09-01T18:28:24.672331+07:00,Shop Specific,"Computer, Mobile, and Services",ari,TheMall-001
1756726005363,1756726040534,135ef541-0de0-41cb-bd1f-c909b3ddb9a3,https://amity-merlin-downloadable.s3.amazonaws.com/audios/71405e8939770bc6b6244b4865835a88/1756726040534.wav,เดินไปทางไหนครับ,ร้าน MANGO อยู่ที่ชั้น M ค่ะ ที่ The Mall Lifestore บางกะปิ,th-TH,,false,2025-09-01T18:27:20.534431+07:00,2025-09-01T18:27:27.510631+07:00,Misc,,,TheMall-001
1756726005363,1756726014918,135ef541-0de0-41cb-bd1f-c909b3ddb9a3,https://amity-merlin-downloadable.s3.amazonaws.com/audios/71405e8939770bc6b6244b4865835a88/1756726014918.wav,ร้าน MANGO อยู่ชั้นไหนครับ,ร้าน MANGO อยู่ที่ชั้น M ค่ะ ที่ The Mall Lifestore บางกะปิ,th-TH,,false,2025-09-01T18:26:54.918792+07:00,2025-09-01T18:27:01.552242+07:00,Shop Specific,Ready-to-wear,mango,TheMall-001
1756725807485,1756725898048,135ef541-0de0-41cb-bd1f-c909b3ddb9a3,https://amity-merlin-downloadable.s3.amazonaws.com/audios/71405e8939770bc6b6244b4865835a88/1756725898048.wav,ร้าน ARI FOOTBALL อยู่ข้างๆ ร้านอะไรครับ,ขอโทษด้วยค่ะ ฉันไม่มีข้อมูลว่าร้าน ARI FOOTBALL อยู่ข้างๆ ร้านอะไรค่ะ,th-TH,,true,2025-09-01T18:24:58.048421+07:00,2025-09-01T18:25:05.033826+07:00,Shop Specific,Sport equipment & Outdoors,ari football,TheMall-001
1756725807485,1756725865602,135ef541-0de0-41cb-bd1f-c909b3ddb9a3,https://amity-merlin-downloadable.s3.amazonaws.com/audios/71405e8939770bc6b6244b4865835a88/1756725865602.wav,ไปทางไหนครับ,ร้าน ARI FOOTBALL ที่ The Mall Lifestore Bangkapi อยู่ที่ชั้น1 ค่ะ,th-TH,,false,2025-09-01T18:24:25.602733+07:00,2025-09-01T18:24:31.945852+07:00,Map and Navigation,,,TheMall-001
1756725807485,1756725844625,135ef541-0de0-41cb-bd1f-c909b3ddb9a3,https://amity-merlin-downloadable.s3.amazonaws.com/audios/71405e8939770bc6b6244b4865835a88/1756725844625.wav,บางกะปิครับ,ร้าน ARI FOOTBALL ที่ The Mall Lifestore Bangkapi อยู่ที่ชั้น1 ค่ะ,th-TH,,false,2025-09-01T18:24:04.625574+07:00,2025-09-01T18:24:11.088132+07:00,Misc,,,TheMall-001
1756725807485,1756725815147,135ef541-0de0-41cb-bd1f-c909b3ddb9a3,https://amity-merlin-downloadable.s3.amazonaws.com/audios/71405e8939770bc6b6244b4865835a88/1756725815147.wav,ร้าน ARI อยู่ชั้นไหนครับ,เพื่อให้ข้อมูลที่แม่นยำที่สุด,th-TH,,false,2025-09-01T18:23:35.147267+07:00,2025-09-01T18:23:41.912187+07:00,Shop Specific,"Computer, Mobile, and Services",ari,TheMall-001
1756725426601,1756725433680,135ef541-0de0-41cb-bd1f-c909b3ddb9a3,https://amity-merlin-downloadable.s3.amazonaws.com/audios/71405e8939770bc6b6244b4865835a88/1756725433680.wav,ร้าน JASPAL อยู่ชั้นไหนคะ,ร้าน JASPAL มีสาขาในศูนย์การค้าของเรา4 แห่งนะคะ- ที่ The Mall Lifestore บางกะปิ อยู่ที่ชั้น M- ที่ The Mall Lifestore งามวงศ์วาน อยู่ที่ชั้น1- ที่ The Mall Lifestore บางแค อยู่ที่ชั้น G- ที่ The Mall โคราช อยู่ที่ชั้น1 ค่ะถ้าคุณลูกค้าสนใจสาขาไหนเป็นพิเศษ แจ้งได้เลยนะคะ ยินดีช่วยบอกตำแหน่งที่ตั้งให้ค่ะ,th-TH,,false,2025-09-01T18:17:13.681053+07:00,2025-09-01T18:17:21.5877+07:00,Shop Specific,Ready-to-wear,jaspal,TheMall-001
1756725394870,1756725402629,135ef541-0de0-41cb-bd1f-c909b3ddb9a3,https://amity-merlin-downloadable.s3.amazonaws.com/audios/71405e8939770bc6b6244b4865835a88/1756725402629.wav,ร้าน JUST FOUND อยู่ชั้นไหนคะ,ร้าน JUST FOUND ยังไม่มีข้อมูลในศูนย์การค้าของเราค่ะ,th-TH,,false,2025-09-01T18:16:42.629407+07:00,2025-09-01T18:16:51.840176+07:00,Shop Specific,Lifestyle store,just found,TheMall-001
1756725283328,1756725324244,135ef541-0de0-41cb-bd1f-c909b3ddb9a3,https://amity-merlin-downloadable.s3.amazonaws.com/audios/71405e8939770bc6b6244b4865835a88/1756725324244.wav,The Mall Lifestore Bangkapi ค่ะ,ร้าน JASPAL ที่ The Mall Lifestore Bangkapi อยู่ที่ชั้น M ค่ะ,th-TH,,false,2025-09-01T18:15:24.244491+07:00,2025-09-01T18:15:31.448476+07:00,Shop Specific,Department Store,the mall lifestore bangkapi,TheMall-001
1756725283328,1756725293216,135ef541-0de0-41cb-bd1f-c909b3ddb9a3,https://amity-merlin-downloadable.s3.amazonaws.com/audios/71405e8939770bc6b6244b4865835a88/1756725293216.wav,กรุณาพูดใส่ไมโครโฟน ร้าน JASPAL อยู่ชั้นไหนคะ,เพื่อให้ข้อมูลที่แม่นยำที่สุด,th-TH,,false,2025-09-01T18:14:53.216534+07:00,2025-09-01T18:15:00.406004+07:00,Shop Specific,Ready-to-wear,jaspal,TheMall-001
1756722910038,1756722912867,135ef541-0de0-41cb-bd1f-c909b3ddb9a3,,quick reply: promotion,"สวัสดีค่ะ! ตอนนี้มีโปรโมชั่นหลากหลายที่น่าสนใจในศูนย์การค้าของเรา เช่น- โปรโมชั่น Exclusive Secret Deal ที่สาขางามวงศ์วาน รับสิทธิพิเศษเมื่อช้อปครบ2,000 บาท พร้อมรับคูปองเงินสดสูงสุด1,600 บาท และสิทธิพิเศษสำหรับสมาชิก M Card และบัตรเครดิตบางธนาคารค่ะ- โปรโมชั่นแฟชั่นและกีฬา ที่สาขางามวงศ์วาน รับคูปองเงินสด300 บาท เมื่อช้อปครบ1,500 บาทขึ้นไป และส่วนลดสูงสุด25% ที่ร้านค้าที่ร่วมรายการ เช่น H&M, ADIDAS, และร้านแว่นตาค่ะ- โปรโมชั่นอาหาร รับคูปองส่วนลดและสิทธิพิเศษสำหรับผู้ถือบัตรเครดิตธนาคารกสิกรไทย เมื่อทานอาหารครบตามเงื่อนไขที่ร้านอาหารที่ร่วมรายการค่ะ- โปรโมชั่นความงาม ซื้อ1 แถม1 ที่ร้านความงามและคลินิกที่ร่วมรายการ พร้อมรับคูปองเงินสดสูงสุด3,800 บาท สำหรับผู้ถือบัตรเครดิต Bangkok Bank M VISA ค่ะ- โปรโมชั่น The Bicester สำหรับสมาชิก M Card รับส่วนลด10% พร้อมบริการพิเศษต่างๆ เช่น Personal Shopper และที่จอดรถสำรองค่ะถ้าคุณลูกค้าสนใจโปรโมชั่นใดเป็นพิเศษ แจ้งได้นะคะ ยินดีให้รายละเอียดเพิ่มเติมค่ะ",th-TH,true,false,2025-09-01T17:35:12.867763+07:00,2025-09-01T17:35:23.151118+07:00,Promotions,,,TheMall-001
1756722874730,1756722881873,135ef541-0de0-41cb-bd1f-c909b3ddb9a3,,M Card,M Card คือบัตรสมาชิกที่มอบสิทธิพิเศษมากมายทั้งในประเทศไทยและต่างประเทศค่ะ,th-TH,true,false,2025-09-01T17:34:41.873569+07:00,2025-09-01T17:34:52.656461+07:00,Products & Services,,,TheMall-001